season,cccaa_season,team,team_id,date,location,opponent,result,team_score,opp_score,game_id,G,TC,PO,A,E,FPCT,DP,SBA,RCS,RCS_PCT,PB,CI
2023,2022-23,Allan Hancock,allanhancock,Feb 10,home,Rio Hondo,L,3,1,20230210_nco5,10,0,0,0,0,,0.0,0.0,0.0,,0.0,0.0
2023,2022-23,Allan Hancock,allanhancock,Feb 2,home,Rio Hondo,W,9,3,20230202_cbll,14,0,0,0,0,,0.0,0.0,0.0,,0.0,0.0
2023,2022-23,Allan Hancock,allanhancock,Feb 4,home,Canyons,L,8,3,20230204_vlps,11,0,0,0,0,,0.0,0.0,0.0,,0.0,0.0
2023,2022-23,Allan Hancock,allanhancock,Feb 7,home,Long Beach,L,7,6,20230207_f3kl,9,0,0,0,0,,0.0,0.0,0.0,,0.0,0.0
2023,2022-23,Allan Hancock,allanhancock,Jan 27,home,Sequoias,W,7,5,20230127_u0vd,11,0,0,0,0,,0.0,0.0,0.0,,0.0,0.0
2023,2022-23,Allan Hancock,allanhancock,Jan 28,home,Sequoias,W,14,10,20230128_p3un,14,0,0,0,0,,0.0,0.0,0.0,,0.0,0.0
2023,2022-23,Allan Hancock,allanhancock,Jan 31,home,Long Beach,W,9,0,20230131_89ay,16,0,0,0,0,,0.0,0.0,0.0,,0.0,0.0
2023,2022-23,American River,americanriver,Feb 10,home,Hartnell,L,8,7,20230210_bf2b,11,0,0,0,0,,4.0,0.0,0.0,,2.0,4.0
2023,2022-23,American River,americanriver,Feb 2,home,Shasta,L,10,5,20230202_fugt,10,0,0,0,0,,0.0,0.0,0.0,,0.0,0.0
2023,2022-23,American River,americanriver,Feb 3,home,Feather River,L,14,4,20230203_rgi3,13,0,0,0,0,,3.0,4.0,1.0,0.25,2.0,4.0
2023,2022-23,American River,americanriver,Feb 4,home,Shasta,L,6,4,20230204_2a11,11,0,0,0,0,,1.0,2.0,2.0,1.0,3.0,0.0
2023,2022-23,American River,americanriver,Feb 9,home,Lassen,W,8,5,20230209_97t2,9,0,0,0,0,,0.0,0.0,0.0,,0.0,0.0
2023,2022-23,American River,americanriver,Jan 27,home,West Valley,L,19,6,20230127_pwe8,12,0,0,0,0,,0.0,0.0,0.0,,0.0,0.0
2023,2022-23,American River,americanriver,Jan 28,home,West Valley,L,3,2,20230128_px2g,11,0,0,0,0,,0.0,0.0,0.0,,1.0,3.0
2023,2022-23,American River,americanriver,Jan 31,home,West Valley,L,10,5,20230131_31n9,13,0,0,0,0,,4.0,3.0,3.0,1.0,6.0,4.0
2023,2022-23,Antelope Valley,antelopevalley,Feb 1,home,Chaffey,L,20,9,20230201_nnfa,15,0,0,0,0,,0.0,0.0,0.0,,0.0,0.0
2023,2022-23,Antelope Valley,antelopevalley,Feb 4,home,Chaffey,W,17,0,20230204_nk7s,13,0,0,0,0,,0.0,0.0,0.0,,0.0,0.0
2023,2022-23,Antelope Valley,antelopevalley,Feb 7,home,Barstow,W,6,0,20230207_nxqw,11,0,0,0,0,,0.0,0.0,0.0,,0.0,0.0
2023,2022-23,Antelope Valley,antelopevalley,Feb 9,home,Taft,L,11,2,20230209_iiot,12,0,0,0,0,,0.0,0.0,0.0,,0.0,0.0
2023,2022-23,Antelope Valley,antelopevalley,Jan 27,home,Compton,L,14,7,20230127_g4d4,17,0,0,0,0,,0.0,0.0,0.0,,0.0,0.0
2023,2022-23,Antelope Valley,antelopevalley,Jan 28,home,Mt. San Jacinto,L,15,5,20230128_3vez,12,0,0,0,0,,0.0,0.0,0.0,,0.0,0.0
2023,2022-23,Antelope Valley,antelopevalley,Jan 31,home,Taft,L,11,9,20230131_am07,13,0,0,0,0,,0.0,0.0,0.0,,0.0,0.0
2023,2022-23,Bakersfield,bakersfield,Feb 10,home,El Camino,L,12,5,20230210_f8pa,10,0,0,0,0,,0.0,0.0,0.0,,0.0,0.0
2023,2022-23,Bakersfield,bakersfield,Feb 4,home,Ohlone,W,8,5,20230204_7pqo,9,0,0,0,0,,0.0,0.0,0.0,,0.0,0.0
2023,2022-23,Bakersfield,bakersfield,Feb 9,home,El Camino,W,7,4,20230209_67eb,9,0,0,0,0,,0.0,0.0,0.0,,0.0,0.0
2023,2022-23,Bakersfield,bakersfield,Jan 27,home,Moorpark,L,4,3,20230127_nrdr,10,0,0,0,0,,0.0,0.0,0.0,,0.0,0.0
2023,2022-23,Bakersfield,bakersfield,Jan 27,home,Moorpark,W,7,1,20230127_60yl,10,0,0,0,0,,0.0,0.0,0.0,,0.0,0.0
2023,2022-23,Bakersfield,bakersfield,Jan 28,home,Moorpark,W,10,7,20230128_cvsa,10,0,1,0,0,1.0,4.0,1.0,1.0,1.0,0.0,1.0
2023,2022-23,Bakersfield,bakersfield,Jan 31,home,Sequoias,W,9,5,20230131_aedo,10,0,0,0,0,,0.0,0.0,0.0,,0.0,0.0
2023,2022-23,Barstow,barstow,Feb 2,home,Riverside,L,16,4,20230202_tvrm,19,0,0,0,0,,3.0,4.0,4.0,1.0,3.0,1.0
2023,2022-23,Barstow,barstow,Feb 4,home,Porterville,L,9,3,20230204_a1np,12,0,0,0,0,,4.0,2.0,1.0,0.5,0.0,2.0
2023,2022-23,Barstow,barstow,Feb 4,home,Porterville,W,4,2,20230204_p962,10,0,0,0,1,0.0,0.0,0.0,0.0,,3.0,1.0
2023,2022-23,Barstow,barstow,Feb 7,home,Antelope Valley,L,6,0,20230207_nxqw,15,0,0,0,0,,4.0,2.0,2.0,1.0,1.0,1.0
2023,2022-23,Barstow,barstow,Feb 8,home,LA Harbor,L,12,3,20230208_isd1,16,1,0,1,0,1.0,7.0,8.0,6.0,0.75,5.0,3.0
2023,2022-23,Barstow,barstow,Feb 9,home,Citrus,L,16,6,20230209_fyru,19,1,0,1,0,1.0,2.0,5.0,5.0,1.0,5.0,0.0
2023,2022-23,Barstow,barstow,Jan 27,home,Mt. San Antonio,L,11,1,20230127_kua7,18,0,0,0,0,,0.0,1.0,0.0,0.0,1.0,2.0
2023,2022-23,Barstow,barstow,Jan 31,home,Porterville,L,11,9,20230131_f880,17,0,0,0,0,,11.0,7.0,7.0,1.0,3.0,3.0
2023,2022-23,Butte,butte,Feb 10,home,West Valley,W,10,2,20230210_niq4,16,0,0,0,0,,0.0,0.0,0.0,,0.0,0.0
2023,2022-23,Butte,butte,Feb 2,home,Skyline,L,9,7,20230202_wjaf,13,1,0,0,0,,6.0,5.0,4.0,0.8,2.0,3.0
2023,2022-23,Butte,butte,Feb 3,home,Skyline,L,5,4,20230203_7577,12,0,0,0,0,,0.0,0.0,0.0,,0.0,0.0
2023,2022-23,Butte,butte,Feb 6,home,Yuba,W,22,1,20230206_ezuz,16,0,0,0,0,,1.0,0.0,0.0,,0.0,0.0
2023,2022-23,Butte,butte,Feb 9,home,West Valley,W,11,4,20230209_basu,13,1,1,0,0,1.0,8.0,4.0,4.0,1.0,2.0,5.0
2023,2022-23,Butte,butte,Jan 27,home,Solano,W,3,2,20230127_0hzu,13,1,0,0,0,,1.0,1.0,1.0,1.0,0.0,7.0
2023,2022-23,Butte,butte,Jan 27,home,Solano,W,8,5,20230127_zabf,10,0,0,0,0,,0.0,0.0,0.0,,0.0,0.0
2023,2022-23,Butte,butte,Jan 28,home,Solano,W,8,3,20230128_a9u1,14,0,0,0,0,,0.0,0.0,0.0,,0.0,0.0
2023,2022-23,Butte,butte,Jan 30,home,Yuba,W,16,9,20230130_lvul,15,0,0,0,0,,4.0,2.0,2.0,1.0,1.0,1.0
2023,2022-23,Cabrillo,cabrillo,Feb 2,home,Solano,L,5,4,20230202_418o,11,0,0,0,0,,0.0,0.0,0.0,,0.0,0.0
2023,2022-23,Cabrillo,cabrillo,Feb 3,home,Diablo Valley,L,6,3,20230203_c862,9,0,0,0,0,,0.0,0.0,0.0,,0.0,0.0
2023,2022-23,Cabrillo,cabrillo,Feb 7,home,Solano,W,9,7,20230207_y0yu,10,0,0,0,0,,0.0,0.0,0.0,,0.0,0.0
2023,2022-23,Cabrillo,cabrillo,Feb 9,home,Laney,W,10,3,20230209_ktms,10,0,0,0,0,,0.0,0.0,0.0,,0.0,0.0
2023,2022-23,Cabrillo,cabrillo,Jan 28,home,Los Medanos,L,7,3,20230128_qs08,11,0,0,0,0,,0.0,0.0,0.0,,0.0,0.0
2023,2022-23,Cabrillo,cabrillo,Jan 31,home,Marin,L,11,5,20230131_d4fq,12,0,0,0,0,,0.0,0.0,0.0,,0.0,0.0
2023,2022-23,Canada,canada,Feb 1,home,Mendocino,W,7,4,20230201_hy6p,13,0,0,0,0,,0.0,0.0,0.0,,0.0,0.0
2023,2022-23,Canada,canada,Feb 3,home,Santa Barbara,L,15,2,20230203_c038,18,0,0,0,0,,0.0,0.0,0.0,,0.0,0.0
2023,2022-23,Canada,canada,Feb 7,home,Santa Rosa,L,9,8,20230207_ypm8,13,0,0,0,0,,0.0,0.0,0.0,,0.0,0.0
2023,2022-23,Canada,canada,Feb 9,home,Santa Rosa,W,7,5,20230209_mamn,9,0,0,0,0,,0.0,0.0,0.0,,0.0,0.0
2023,2022-23,Canada,canada,Jan 27,home,Sacramento City,W,1,0,20230127_m7ra,10,0,0,0,0,,0.0,0.0,0.0,,0.0,0.0
2023,2022-23,Canada,canada,Jan 28,home,Sacramento City,L,14,1,20230128_pdo6,20,0,0,0,0,,0.0,0.0,0.0,,0.0,0.0
2023,2022-23,Canyons,canyons,Feb 2,home,Cosumnes River,L,8,3,20230202_n51w,9,0,0,0,0,,0.0,0.0,0.0,,0.0,0.0
2023,2022-23,Canyons,canyons,Feb 3,home,Cosumnes River,W,8,2,20230203_35te,9,0,0,0,0,,0.0,0.0,0.0,,0.0,2.0
2023,2022-23,Canyons,canyons,Feb 4,home,Allan Hancock,W,8,3,20230204_vlps,10,0,0,0,0,,1.0,0.0,0.0,,0.0,1.0
2023,2022-23,Canyons,canyons,Feb 7,home,Rio Hondo,W,10,2,20230207_o1jj,9,0,0,0,0,,0.0,0.0,0.0,,0.0,0.0
2023,2022-23,Canyons,canyons,Jan 27,home,Saddleback,L,6,2,20230127_7x3k,10,0,0,0,0,,0.0,0.0,0.0,,0.0,0.0
2023,2022-23,Canyons,canyons,Jan 28,home,Saddleback,W,12,1,20230128_17a2,10,0,0,0,0,,0.0,0.0,0.0,,0.0,1.0
2023,2022-23,Cerritos,cerritos,Feb 2,home,LA Pierce,W,19,6,20230202_eopb,15,0,0,0,0,,0.0,0.0,0.0,,0.0,0.0
2023,2022-23,Cerritos,cerritos,Feb 3,home,LA Valley,W,9,4,20230203_7goc,11,0,0,0,0,,2.0,3.0,3.0,1.0,2.0,2.0
2023,2022-23,Cerritos,cerritos,Feb 4,home,San Joaquin Delta,L,12,8,20230204_el7y,11,0,0,0,0,,1.0,0.0,0.0,,0.0,1.0
2023,2022-23,Cerritos,cerritos,Feb 7,home,Golden West,L,8,3,20230207_khy7,11,1,0,1,0,1.0,5.0,4.0,4.0,1.0,1.0,6.0
2023,2022-23,Cerritos,cerritos,Jan 27,home,Fullerton,L,12,2,20230127_zykh,11,0,0,0,0,,0.0,0.0,0.0,,0.0,0.0
2023,2022-23,Cerritos,cerritos,Jan 28,home,Fullerton,L,7,4,20230128_7j54,11,0,0,0,0,,0.0,0.0,0.0,,0.0,2.0
2023,2022-23,Cerro Coso,cerrocoso,Feb 1,home,West Hills Coalinga,W,7,6,20230201_9kyf,13,1,1,0,0,1.0,7.0,4.0,2.0,0.5,2.0,10.0
2023,2022-23,Cerro Coso,cerrocoso,Feb 3,home,Southwestern,L,15,5,20230203_791p,12,1,0,1,0,1.0,5.0,6.0,6.0,1.0,3.0,1.0
2023,2022-23,Cerro Coso,cerrocoso,Feb 4,home,Southwestern,W,8,3,20230204_lte3,12,0,0,0,1,0.0,3.0,0.0,0.0,,1.0,4.0
2023,2022-23,Cerro Coso,cerrocoso,Feb 7,home,Taft,W,11,4,20230207_hpfs,10,1,1,0,0,1.0,5.0,2.0,2.0,1.0,2.0,1.0
2023,2022-23,Cerro Coso,cerrocoso,Feb 9,home,Porterville,W,15,6,20230209_ze4h,13,1,1,0,0,1.0,7.0,6.0,4.0,0.667,6.0,5.0
2023,2022-23,Cerro Coso,cerrocoso,Feb 9,home,Porterville,W,18,1,20230209_s6mt,16,0,0,0,0,,0.0,0.0,0.0,,0.0,0.0
2023,2022-23,Cerro Coso,cerrocoso,Jan 27,home,Fresno City,L,6,0,20230127_7zw5,10,1,0,1,0,1.0,4.0,6.0,1.0,0.167,7.0,2.0
2023,2022-23,Cerro Coso,cerrocoso,Jan 28,home,Fresno City,L,7,4,20230128_yqg1,11,0,0,0,0,,1.0,1.0,1.0,1.0,1.0,3.0
2023,2022-23,Cerro Coso,cerrocoso,Jan 31,home,Imperial Valley,W,7,2,20230131_0nus,11,1,0,0,1,0.0,3.0,1.0,0.0,0.0,6.0,8.0
2023,2022-23,Chabot,chabot,Feb 2,home,Los Medanos,L,6,2,20230202_v02p,12,0,0,0,0,,0.0,0.0,0.0,,0.0,0.0
2023,2022-23,Chabot,chabot,Feb 4,home,Laney,W,8,2,20230204_hi97,9,0,0,0,0,,0.0,0.0,0.0,,0.0,0.0
2023,2022-23,Chabot,chabot,Feb 7,home,Gavilan,W,21,1,20230207_lsmk,17,0,0,0,0,,0.0,0.0,0.0,,0.0,0.0
2023,2022-23,Chabot,chabot,Jan 27,home,Santa Rosa,W,8,0,20230127_r4nf,11,0,0,0,0,,0.0,0.0,0.0,,0.0,0.0
2023,2022-23,Chabot,chabot,Jan 28,home,Santa Rosa,W,12,7,20230128_4z98,10,0,0,0,0,,0.0,0.0,0.0,,0.0,0.0
2023,2022-23,Chabot,chabot,Jan 31,home,Laney,W,6,5,20230131_iiqm,11,0,0,0,0,,0.0,0.0,0.0,,0.0,0.0
2023,2022-23,Chaffey,chaffey,Feb 1,home,Antelope Valley,W,20,9,20230201_nnfa,16,0,0,0,0,,0.0,0.0,0.0,,0.0,0.0
2023,2022-23,Chaffey,chaffey,Feb 10,home,East Los Angeles,W,9,4,20230210_ieo4,10,0,0,0,0,,0.0,0.0,0.0,,0.0,0.0
2023,2022-23,Chaffey,chaffey,Feb 2,home,Glendale,L,4,3,20230202_medo,12,0,0,0,0,,1.0,1.0,1.0,1.0,1.0,1.0
2023,2022-23,Chaffey,chaffey,Feb 4,home,Antelope Valley,L,17,0,20230204_nk7s,16,0,0,0,0,,0.0,0.0,0.0,,0.0,0.0
2023,2022-23,Chaffey,chaffey,Feb 7,home,Southwestern,L,14,4,20230207_lhdi,14,0,0,0,0,,0.0,0.0,0.0,,0.0,0.0
2023,2022-23,Chaffey,chaffey,Feb 8,home,San Diego City,L,6,1,20230208_1idx,11,0,0,0,0,,0.0,0.0,0.0,,0.0,0.0
2023,2022-23,Chaffey,chaffey,Jan 27,home,Citrus,W,12,4,20230127_lwuy,12,0,0,0,0,,0.0,0.0,0.0,,0.0,0.0
2023,2022-23,Chaffey,chaffey,Jan 28,home,Southwestern,L,11,6,20230128_365n,12,0,0,0,0,,0.0,0.0,0.0,,0.0,0.0
2023,2022-23,Citrus,citrus,Feb 10,home,Victor Valley,W,10,6,20230210_7adu,15,0,0,0,0,,0.0,0.0,0.0,,0.0,0.0
2023,2022-23,Citrus,citrus,Feb 2,home,Ventura,W,20,10,20230202_09u5,15,0,0,0,0,,0.0,0.0,0.0,,0.0,0.0
2023,2022-23,Citrus,citrus,Feb 4,home,Ventura,L,17,11,20230204_je25,13,0,0,0,0,,0.0,0.0,0.0,,0.0,0.0
2023,2022-23,Citrus,citrus,Feb 7,home,San Bernardino Valley,L,11,8,20230207_fetr,14,0,0,0,0,,0.0,0.0,0.0,,0.0,0.0
2023,2022-23,Citrus,citrus,Feb 9,home,Barstow,W,16,6,20230209_fyru,13,0,0,0,0,,0.0,0.0,0.0,,0.0,0.0
2023,2022-23,Citrus,citrus,Jan 27,home,Chaffey,L,12,4,20230127_lwuy,17,0,0,0,0,,0.0,0.0,0.0,,0.0,0.0
2023,2022-23,Citrus,citrus,Jan 28,home,Pasadena City,L,12,3,20230128_rf85,15,0,0,0,0,,0.0,0.0,0.0,,0.0,0.0
2023,2022-23,Compton,compton,Feb 3,home,Irvine Valley,W,12,5,20230203_cyxo,18,0,1,0,0,1.0,9.0,5.0,5.0,1.0,5.0,5.0
2023,2022-23,Compton,compton,Feb 4,home,Grossmont,L,8,4,20230204_d1ko,14,1,0,1,0,1.0,7.0,8.0,5.0,0.625,5.0,3.0
2023,2022-23,Compton,compton,Feb 7,home,Santa Ana,L,21,6,20230207_c2op,19,0,0,0,0,,0.0,0.0,0.0,,0.0,0.0
2023,2022-23,Compton,compton,Feb 8,home,Desert,L,14,0,20230208_q0hb,17,1,0,1,0,1.0,3.0,5.0,1.0,0.2,4.0,1.0
2023,2022-23,Compton,compton,Jan 27,home,Antelope Valley,W,14,7,20230127_g4d4,17,0,0,0,0,,1.0,0.0,0.0,,1.0,2.0
2023,2022-23,Compton,compton,Jan 28,home,San Diego City,W,13,6,20230128_ham2,18,1,0,0,0,,2.0,2.0,2.0,1.0,1.0,1.0
2023,2022-23,Compton,compton,Jan 31,home,Desert,L,19,16,20230131_vcbh,13,0,0,0,0,,0.0,1.0,1.0,1.0,1.0,0.0
2023,2022-23,Contra Costa,contracosta,Feb 2,home,De Anza,L,27,8,20230202_tj9d,15,1,0,1,0,1.0,21.0,27.0,17.0,0.63,15.0,6.0
2023,2022-23,Contra Costa,contracosta,Feb 7,home,San Joaquin Delta,L,16,2,20230207_yfcz,10,1,0,1,0,1.0,7.0,8.0,7.0,0.875,6.0,0.0
2023,2022-23,Contra Costa,contracosta,Jan 31,home,San Francisco,L,13,4,20230131_s7ry,12,1,0,1,0,1.0,11.0,11.0,11.0,1.0,3.0,4.0
2023,2022-23,Cosumnes River,cosumnesriver,Feb 2,home,Canyons,W,8,3,20230202_n51w,11,0,0,0,0,,0.0,0.0,0.0,,0.0,0.0
2023,2022-23,Cosumnes River,cosumnesriver,Feb 3,home,Canyons,L,8,2,20230203_35te,16,0,0,0,0,,2.0,0.0,0.0,,1.0,2.0
2023,2022-23,Cosumnes River,cosumnesriver,Feb 6,home,Mission,W,13,8,20230206_17p2,14,0,0,0,0,,0.0,0.0,0.0,,0.0,0.0
2023,2022-23,Cosumnes River,cosumnesriver,Jan 27,home,Shasta,W,20,6,20230127_ilym,16,0,0,0,0,,0.0,0.0,0.0,,0.0,0.0
2023,2022-23,Cosumnes River,cosumnesriver,Jan 28,home,Shasta,L,13,11,20230128_7lyy,15,0,0,0,0,,4.0,6.0,6.0,1.0,4.0,4.0
2023,2022-23,Cosumnes River,cosumnesriver,Jan 31,home,Shasta,W,17,5,20230131_xuiq,13,0,0,0,0,,0.0,0.0,0.0,,0.0,0.0
2023,2022-23,Cuesta,cuesta,Feb 10,home,Sequoias,W,6,4,20230210_foht,9,0,0,0,0,,0.0,0.0,0.0,,0.0,0.0
2023,2022-23,Cuesta,cuesta,Feb 2,home,Orange Coast,W,7,6,20230202_zoch,13,0,0,0,0,,0.0,0.0,0.0,,0.0,0.0
2023,2022-23,Cuesta,cuesta,Feb 3,home,Orange Coast,L,6,5,20230203_u9vf,9,0,0,0,0,,0.0,0.0,0.0,,0.0,0.0
2023,2022-23,Cuesta,cuesta,Feb 4,home,Orange Coast,L,4,2,20230204_bbvx,12,0,0,0,0,,0.0,0.0,0.0,,0.0,0.0
2023,2022-23,Cuesta,cuesta,Feb 7,home,Reedley,L,11,7,20230207_yz7j,10,0,0,0,0,,0.0,0.0,0.0,,0.0,0.0
2023,2022-23,Cuesta,cuesta,Feb 9,home,Sequoias,W,7,0,20230209_2pt8,9,0,0,0,0,,0.0,0.0,0.0,,0.0,0.0
2023,2022-23,Cuesta,cuesta,Jan 27,home,Riverside,W,12,8,20230127_vquc,10,0,0,0,0,,0.0,0.0,0.0,,0.0,0.0
2023,2022-23,Cuesta,cuesta,Jan 28,home,Riverside,W,12,2,20230128_dgzv,11,0,0,0,0,,0.0,0.0,0.0,,0.0,0.0
2023,2022-23,Cuesta,cuesta,Jan 29,home,Riverside,L,7,6,20230129_55zh,11,0,0,1,0,1.0,3.0,1.0,1.0,1.0,3.0,1.0
2023,2022-23,Cypress,cypress,Feb 10,home,Merced,W,13,2,20230210_brje,17,0,0,0,0,,0.0,0.0,0.0,,0.0,0.0
2023,2022-23,Cypress,cypress,Feb 2,home,El Camino,L,7,3,20230202_a9tf,12,0,0,0,0,,0.0,0.0,0.0,,0.0,0.0
2023,2022-23,Cypress,cypress,Feb 3,home,Mt. San Antonio,L,21,5,20230203_0thr,17,0,0,0,0,,0.0,0.0,0.0,,0.0,1.0
2023,2022-23,Cypress,cypress,Feb 4,home,Mt. San Antonio,W,6,4,20230204_y0ti,11,0,0,0,0,,0.0,0.0,0.0,,0.0,0.0
2023,2022-23,Cypress,cypress,Feb 7,home,Mt. San Antonio,W,7,2,20230207_epoh,9,0,0,0,0,,0.0,0.0,0.0,,0.0,0.0
2023,2022-23,Cypress,cypress,Feb 9,home,LA Pierce,W,15,4,20230209_lgbj,17,0,0,0,0,,0.0,0.0,0.0,,0.0,0.0
2023,2022-23,Cypress,cypress,Jan 27,home,Pasadena City,W,11,4,20230127_qzop,12,0,0,0,0,,0.0,0.0,0.0,,0.0,0.0
2023,2022-23,De Anza,deanza,Feb 2,home,Contra Costa,W,27,8,20230202_tj9d,12,0,0,0,0,,2.0,2.0,0.0,0.0,2.0,3.0
2023,2022-23,De Anza,deanza,Feb 4,home,San Francisco,W,8,3,20230204_c8wj,10,0,0,0,0,,0.0,0.0,0.0,,0.0,0.0
2023,2022-23,De Anza,deanza,Jan 28,home,Reedley,L,18,10,20230128_mksk,9,0,0,0,0,,0.0,0.0,0.0,,0.0,0.0
2023,2022-23,De Anza,deanza,Jan 31,home,Reedley,L,22,4,20230131_xy1j,12,0,0,0,0,,9.0,6.0,3.0,0.5,1.0,3.0
2023,2022-23,Desert,desert,Feb 2,home,San Diego City,L,8,3,20230202_v6ox,10,0,0,0,0,,0.0,0.0,0.0,,0.0,0.0
2023,2022-23,Desert,desert,Feb 4,home,San Diego City,W,9,4,20230204_d4q8,9,0,0,0,0,,0.0,0.0,0.0,,0.0,0.0
2023,2022-23,Desert,desert,Feb 7,home,Imperial Valley,W,18,1,20230207_760m,17,0,0,0,0,,0.0,0.0,0.0,,0.0,0.0
2023,2022-23,Desert,desert,Feb 8,home,Compton,W,14,0,20230208_q0hb,14,0,0,0,0,,0.0,0.0,0.0,,0.0,0.0
2023,2022-23,Desert,desert,Feb 9,home,Imperial Valley,W,7,0,20230209_wrmx,12,0,0,0,0,,0.0,0.0,0.0,,0.0,0.0
2023,2022-23,Desert,desert,Jan 27,home,LA Harbor,W,4,0,20230127_9qqy,10,0,0,0,0,,0.0,0.0,0.0,,0.0,0.0
2023,2022-23,Desert,desert,Jan 28,home,LA Harbor,W,8,3,20230128_779k,14,0,0,0,0,,0.0,0.0,0.0,,0.0,0.0
2023,2022-23,Desert,desert,Jan 31,home,Compton,W,19,16,20230131_vcbh,10,0,0,0,0,,0.0,0.0,0.0,,0.0,0.0
2023,2022-23,Diablo Valley,diablovalley,Feb 10,home,West Hills Coalinga,W,11,0,20230210_kt27,19,0,0,0,0,,0.0,0.0,0.0,,0.0,0.0
2023,2022-23,Diablo Valley,diablovalley,Feb 3,home,Cabrillo,W,6,3,20230203_c862,12,0,0,0,0,,0.0,0.0,0.0,,0.0,0.0
2023,2022-23,Diablo Valley,diablovalley,Feb 4,home,Monterey Peninsula,W,8,6,20230204_z321,16,0,0,0,0,,0.0,0.0,0.0,,0.0,0.0
2023,2022-23,Diablo Valley,diablovalley,Feb 7,home,Hartnell,L,3,2,20230207_uqkn,14,0,0,0,0,,0.0,0.0,0.0,,0.0,0.0
2023,2022-23,Diablo Valley,diablovalley,Feb 9,home,Solano,W,5,3,20230209_z3bu,12,0,0,0,0,,0.0,0.0,0.0,,0.0,0.0
2023,2022-23,Diablo Valley,diablovalley,Jan 27,home,Marin,W,9,0,20230127_6psr,11,0,0,0,0,,0.0,0.0,0.0,,0.0,0.0
2023,2022-23,Diablo Valley,diablovalley,Jan 28,home,Marin,W,10,2,20230128_et8w,13,0,0,0,0,,0.0,0.0,0.0,,0.0,0.0
2023,2022-23,Diablo Valley,diablovalley,Jan 31,home,Monterey Peninsula,W,4,3,20230131_004v,14,0,0,0,0,,0.0,0.0,0.0,,0.0,0.0
2023,2022-23,East Los Angeles,eastlosangeles,Feb 10,home,Chaffey,L,9,4,20230210_ieo4,10,0,0,0,0,,0.0,0.0,0.0,,0.0,0.0
2023,2022-23,East Los Angeles,eastlosangeles,Feb 3,home,Riverside,L,6,0,20230203_ktji,11,0,0,0,0,,2.0,1.0,1.0,1.0,1.0,2.0
2023,2022-23,East Los Angeles,eastlosangeles,Feb 4,home,Riverside,L,12,5,20230204_19zs,14,0,0,0,0,,0.0,0.0,0.0,,0.0,0.0
2023,2022-23,East Los Angeles,eastlosangeles,Feb 9,home,Santa Barbara,L,9,6,20230209_ia2v,10,0,0,0,0,,6.0,4.0,4.0,1.0,0.0,3.0
2023,2022-23,East Los Angeles,eastlosangeles,Jan 27,home,Glendale,W,6,0,20230127_76i7,10,0,0,0,0,,0.0,0.0,0.0,,0.0,0.0
2023,2022-23,East Los Angeles,eastlosangeles,Jan 28,home,Grossmont,L,11,2,20230128_wk4z,11,0,0,0,0,,0.0,0.0,0.0,,0.0,0.0
2023,2022-23,East Los Angeles,eastlosangeles,Jan 31,home,Santa Ana,L,10,0,20230131_8lnd,9,0,0,0,0,,0.0,0.0,0.0,,0.0,0.0
2023,2022-23,El Camino,elcamino,Feb 10,home,Bakersfield,W,12,5,20230210_f8pa,9,0,0,0,0,,0.0,0.0,0.0,,0.0,0.0
2023,2022-23,El Camino,elcamino,Feb 2,home,Cypress,W,7,3,20230202_a9tf,11,0,0,0,0,,0.0,0.0,0.0,,0.0,0.0
2023,2022-23,El Camino,elcamino,Feb 3,home,West LA,W,4,1,20230203_r15s,11,0,0,0,1,0.0,3.0,0.0,0.0,,1.0,5.0
2023,2022-23,El Camino,elcamino,Feb 4,home,Mt. San Jacinto,W,7,6,20230204_6bb0,10,0,0,0,0,,0.0,0.0,0.0,,0.0,0.0
2023,2022-23,El Camino,elcamino,Feb 9,home,Bakersfield,L,7,4,20230209_67eb,9,0,0,0,0,,2.0,2.0,1.0,0.5,2.0,1.0
2023,2022-23,El Camino,elcamino,Jan 27,home,Orange Coast,L,6,3,20230127_7r40,10,0,0,0,0,,0.0,0.0,0.0,,0.0,0.0
2023,2022-23,El Camino,elcamino,Jan 28,home,Orange Coast,L,5,3,20230128_okc3,9,0,0,0,0,,0.0,0.0,0.0,,0.0,0.0
2023,2022-23,El Camino,elcamino,Jan 31,home,Orange Coast,W,15,3,20230131_nn9p,14,0,0,0,0,,5.0,3.0,3.0,1.0,1.0,0.0
2023,2022-23,Feather River,featherriver,Feb 10,home,San Joaquin Delta,L,13,1,20230210_ypo9,12,0,0,0,0,,3.0,7.0,6.0,0.857,2.0,1.0
2023,2022-23,Feather River,featherriver,Feb 2,home,Sacramento City,L,6,3,20230202_ci23,14,0,0,1,0,1.0,1.0,3.0,0.0,0.0,1.0,0.0
2023,2022-23,Feather River,featherriver,Feb 3,home,American River,W,14,4,20230203_rgi3,15,1,1,0,1,0.5,4.0,4.0,2.0,0.5,3.0,9.0
2023,2022-23,Feather River,featherriver,Feb 3,home,Merced,L,2,1,20230203_f9zv,13,0,0,0,0,,0.0,0.0,0.0,,0.0,0.0
2023,2022-23,Feather River,featherriver,Feb 4,home,Sacramento City,W,4,1,20230204_7pau,11,0,0,0,0,,0.0,0.0,0.0,,0.0,0.0
2023,2022-23,Feather River,featherriver,Feb 9,home,Sierra,L,3,1,20230209_gwey,13,0,0,0,0,,0.0,0.0,0.0,,0.0,1.0
2023,2022-23,Feather River,featherriver,Jan 27,home,Porterville,W,12,3,20230127_7xqj,19,1,1,0,0,1.0,4.0,2.0,2.0,1.0,3.0,3.0
2023,2022-23,Feather River,featherriver,Jan 27,home,Taft,W,13,5,20230127_p3qv,13,0,0,0,0,,0.0,0.0,0.0,,0.0,0.0
2023,2022-23,Feather River,featherriver,Jan 28,home,Taft,W,9,2,20230128_rabk,14,0,0,0,0,,0.0,0.0,0.0,,0.0,1.0
2023,2022-23,Feather River,featherriver,Jan 29,home,Merced,L,7,6,20230129_fuap,16,0,0,0,0,,3.0,1.0,0.0,0.0,0.0,1.0
2023,2022-23,Folsom Lake,folsomlake,Feb 10,home,LA Valley,W,12,4,20230210_v76t,13,0,0,0,0,,0.0,0.0,0.0,,0.0,0.0
2023,2022-23,Folsom Lake,folsomlake,Feb 3,home,Taft,L,8,4,20230203_q8rs,10,0,0,0,0,,0.0,0.0,0.0,,0.0,0.0
2023,2022-23,Folsom Lake,folsomlake,Feb 4,home,Taft,W,9,4,20230204_d9or,9,0,0,0,0,,0.0,0.0,0.0,,0.0,0.0
2023,2022-23,Folsom Lake,folsomlake,Feb 4,home,Taft,W,10,3,20230204_jixo,12,1,1,0,0,1.0,6.0,1.0,1.0,1.0,4.0,7.0
2023,2022-23,Folsom Lake,folsomlake,Feb 9,home,LA Valley,W,9,3,20230209_4bhr,11,0,0,0,0,,0.0,0.0,0.0,,0.0,0.0
2023,2022-23,Folsom Lake,folsomlake,Jan 27,home,Gavilan,W,13,1,20230127_ysqf,10,0,0,0,0,,0.0,0.0,0.0,,0.0,0.0
2023,2022-23,Folsom Lake,folsomlake,Jan 28,home,Gavilan,W,18,0,20230128_ugqu,14,1,1,0,0,1.0,2.0,0.0,0.0,,0.0,10.0
2023,2022-23,Fresno City,fresnocitycollege,Feb 4,home,Los Medanos,W,5,4,20230204_3zi3,9,0,0,0,0,,0.0,0.0,0.0,,0.0,0.0
2023,2022-23,Fresno City,fresnocitycollege,Jan 27,home,Cerro Coso,W,6,0,20230127_7zw5,10,0,0,0,0,,0.0,0.0,0.0,,0.0,0.0
2023,2022-23,Fresno City,fresnocitycollege,Jan 28,home,Cerro Coso,W,7,4,20230128_yqg1,10,0,0,0,0,,0.0,0.0,0.0,,0.0,0.0
2023,2022-23,Fullerton,fullerton,Feb 1,home,Southwestern,W,13,3,20230201_93jy,9,0,0,0,0,,0.0,0.0,0.0,,0.0,0.0
2023,2022-23,Fullerton,fullerton,Feb 10,home,Glendale,L,8,4,20230210_blvs,6,0,0,0,0,,0.0,0.0,0.0,,0.0,0.0
2023,2022-23,Fullerton,fullerton,Feb 2,home,Mt. San Antonio,W,6,2,20230202_o0he,11,0,0,0,0,,0.0,0.0,0.0,,0.0,0.0
2023,2022-23,Fullerton,fullerton,Feb 3,home,Palomar,L,5,4,20230203_yo2c,10,0,0,0,0,,0.0,0.0,0.0,,0.0,0.0
2023,2022-23,Fullerton,fullerton,Feb 4,home,Palomar,W,9,2,20230204_1i8y,10,0,0,0,0,,0.0,0.0,0.0,,1.0,2.0
2023,2022-23,Fullerton,fullerton,Feb 7,home,Moorpark,W,12,3,20230207_3l5c,11,0,0,0,0,,0.0,0.0,0.0,,0.0,0.0
2023,2022-23,Fullerton,fullerton,Jan 27,home,Cerritos,W,12,2,20230127_zykh,12,0,0,0,0,,0.0,0.0,0.0,,0.0,0.0
2023,2022-23,Fullerton,fullerton,Jan 28,home,Cerritos,W,7,4,20230128_7j54,11,0,0,0,0,,0.0,0.0,0.0,,0.0,0.0
2023,2022-23,Gavilan,gavilan,Feb 2,home,Modesto,L,11,0,20230202_lqsl,15,0,0,0,0,,5.0,5.0,4.0,0.8,1.0,0.0
2023,2022-23,Gavilan,gavilan,Feb 4,home,Modesto,L,18,0,20230204_joaa,18,0,0,0,0,,8.0,9.0,9.0,1.0,2.0,2.0
2023,2022-23,Gavilan,gavilan,Feb 7,home,Chabot,L,21,1,20230207_lsmk,16,0,0,0,0,,2.0,3.0,3.0,1.0,5.0,2.0
2023,2022-23,Gavilan,gavilan,Feb 9,home,San Mateo,L,18,1,20230209_2xxz,17,0,0,0,0,,8.0,10.0,10.0,1.0,5.0,5.0
2023,2022-23,Gavilan,gavilan,Jan 27,home,Folsom Lake,L,13,1,20230127_ysqf,14,0,0,0,0,,6.0,3.0,3.0,1.0,1.0,2.0
2023,2022-23,Gavilan,gavilan,Jan 28,home,Folsom Lake,L,18,0,20230128_ugqu,15,0,0,0,0,,6.0,6.0,4.0,0.667,2.0,2.0
2023,2022-23,Glendale,glendale,Feb 1,home,Ventura,L,12,11,20230201_jhxu,10,0,0,0,0,,0.0,0.0,0.0,,0.0,0.0
2023,2022-23,Glendale,glendale,Feb 2,home,Chaffey,W,4,3,20230202_medo,14,0,0,0,0,,0.0,0.0,0.0,,0.0,0.0
2023,2022-23,Glendale,glendale,Feb 8,home,Golden West,L,6,3,20230208_izh3,11,0,0,0,0,,0.0,0.0,0.0,,0.0,0.0
2023,2022-23,Glendale,glendale,Feb 9,home,Golden West,W,5,3,20230209_vkus,10,0,0,0,0,,0.0,0.0,0.0,,0.0,0.0
2023,2022-23,Glendale,glendale,Jan 27,home,East Los Angeles,L,6,0,20230127_76i7,11,0,0,0,0,,0.0,0.0,0.0,,0.0,0.0
2023,2022-23,Glendale,glendale,Jan 28,home,LA Pierce,W,6,1,20230128_56b0,11,0,0,0,0,,0.0,0.0,0.0,,0.0,0.0
2023,2022-23,Golden West,goldenwest,Feb 2,home,San Diego Mesa,W,10,3,20230202_1j5d,14,0,0,0,0,,0.0,0.0,0.0,,0.0,0.0
2023,2022-23,Golden West,goldenwest,Feb 3,home,San Diego Mesa,W,7,0,20230203_rga6,11,0,0,0,0,,0.0,0.0,0.0,,0.0,0.0
2023,2022-23,Golden West,goldenwest,Feb 7,home,Cerritos,W,8,3,20230207_khy7,11,0,0,0,0,,0.0,0.0,0.0,,0.0,0.0
2023,2022-23,Golden West,goldenwest,Feb 8,home,Glendale,W,6,3,20230208_izh3,9,0,0,0,0,,0.0,0.0,0.0,,0.0,0.0
2023,2022-23,Golden West,goldenwest,Feb 9,home,Glendale,L,5,3,20230209_vkus,14,0,0,1,0,1.0,3.0,2.0,2.0,1.0,1.0,0.0
2023,2022-23,Golden West,goldenwest,Jan 27,home,Palomar,L,11,4,20230127_k7rx,11,0,0,0,0,,4.0,3.0,3.0,1.0,1.0,0.0
2023,2022-23,Golden West,goldenwest,Jan 28,home,Palomar,W,3,2,20230128_e8s6,9,0,0,0,0,,0.0,0.0,0.0,,0.0,0.0
2023,2022-23,Grossmont,grossmont,Feb 1,home,Saddleback,L,6,0,20230201_wydf,12,0,0,0,0,,0.0,0.0,0.0,,0.0,0.0
2023,2022-23,Grossmont,grossmont,Feb 2,home,Victor Valley,W,9,2,20230202_7aq7,14,0,0,0,0,,0.0,0.0,0.0,,0.0,0.0
2023,2022-23,Grossmont,grossmont,Feb 4,home,Compton,W,8,4,20230204_d1ko,10,0,0,0,0,,0.0,0.0,0.0,,0.0,0.0
2023,2022-23,Grossmont,grossmont,Feb 7,home,LA Mission,L,6,4,20230207_rv8r,14,0,0,0,0,,0.0,0.0,0.0,,0.0,0.0
2023,2022-23,Grossmont,grossmont,Feb 9,home,LA Mission,W,4,3,20230209_6d8g,13,0,0,0,0,,0.0,0.0,0.0,,0.0,0.0
2023,2022-23,Grossmont,grossmont,Jan 28,home,East Los Angeles,W,11,2,20230128_wk4z,13,0,0,0,0,,0.0,0.0,0.0,,0.0,0.0
2023,2022-23,Hartnell,hartnell,Feb 10,home,American River,W,8,7,20230210_bf2b,11,0,0,0,0,,0.0,0.0,0.0,,0.0,0.0
2023,2022-23,Hartnell,hartnell,Feb 2,home,Santa Barbara,L,13,4,20230202_y5lp,15,0,0,0,0,,0.0,0.0,0.0,,0.0,0.0
2023,2022-23,Hartnell,hartnell,Feb 7,home,Diablo Valley,W,3,2,20230207_uqkn,11,0,0,0,0,,0.0,0.0,0.0,,0.0,0.0
2023,2022-23,Hartnell,hartnell,Jan 27,home,Lassen,L,5,2,20230127_6k7p,12,0,0,0,0,,0.0,0.0,0.0,,0.0,0.0
2023,2022-23,Hartnell,hartnell,Jan 27,home,Lassen,W,9,8,20230127_lfip,11,0,0,0,0,,0.0,0.0,0.0,,0.0,0.0
2023,2022-23,Hartnell,hartnell,Jan 28,home,Lassen,W,9,7,20230128_sl65,9,0,0,0,0,,0.0,0.0,0.0,,0.0,0.0
2023,2022-23,Imperial Valley,imperialvalley,Feb 4,home,Victor Valley,W,17,0,20230204_jv8r,12,1,0,0,0,,5.0,0.0,0.0,,2.0,6.0
2023,2022-23,Imperial Valley,imperialvalley,Feb 7,home,Desert,L,18,1,20230207_760m,17,1,0,1,0,1.0,15.0,18.0,14.0,0.778,3.0,2.0
2023,2022-23,Imperial Valley,imperialvalley,Feb 9,home,Desert,L,7,0,20230209_wrmx,14,1,0,1,0,1.0,10.0,7.0,6.0,0.857,4.0,3.0
2023,2022-23,Imperial Valley,imperialvalley,Jan 27,home,Rio Hondo,L,7,3,20230127_qv2j,14,1,0,1,0,1.0,8.0,7.0,7.0,1.0,4.0,3.0
2023,2022-23,Imperial Valley,imperialvalley,Jan 28,home,Rio Hondo,L,7,1,20230128_db4w,13,1,0,1,0,1.0,7.0,7.0,7.0,1.0,6.0,4.0
2023,2022-23,Imperial Valley,imperialvalley,Jan 31,home,Cerro Coso,L,7,2,20230131_0nus,13,1,0,1,0,1.0,6.0,7.0,5.0,0.714,7.0,4.0
2023,2022-23,Irvine Valley,irvinevalley,Feb 2,home,San Bernardino Valley,W,15,3,20230202_h483,18,0,0,0,0,,0.0,0.0,0.0,,0.0,0.0
2023,2022-23,Irvine Valley,irvinevalley,Feb 3,home,Compton,L,12,5,20230203_cyxo,14,1,0,1,0,1.0,14.0,12.0,3.0,0.25,2.0,8.0
2023,2022-23,Irvine Valley,irvinevalley,Feb 4,home,San Bernardino Valley,W,10,3,20230204_2m55,15,0,0,0,0,,0.0,0.0,0.0,,0.0,2.0
2023,2022-23,Irvine Valley,irvinevalley,Feb 7,home,Mt. San Jacinto,L,7,6,20230207_ogv1,14,0,0,0,0,,0.0,0.0,0.0,,0.0,0.0
2023,2022-23,Irvine Valley,irvinevalley,Feb 9,home,Mt. San Jacinto,L,14,3,20230209_apq2,15,0,0,0,0,,0.0,0.0,0.0,,0.0,0.0
2023,2022-23,Irvine Valley,irvinevalley,Jan 27,home,Long Beach,W,10,1,20230127_7181,13,0,0,0,0,,0.0,0.0,0.0,,0.0,0.0
2023,2022-23,Irvine Valley,irvinevalley,Jan 28,home,Long Beach,W,7,6,20230128_o1xq,13,0,0,0,0,,2.0,1.0,1.0,1.0,1.0,1.0
2023,2022-23,LA Harbor,laharbor,Feb 1,home,San Diego City,L,12,6,20230201_ol7o,11,0,0,0,0,,8.0,5.0,3.0,0.6,1.0,1.0
2023,2022-23,LA Harbor,laharbor,Feb 2,home,LA Mission,W,9,3,20230202_q88a,11,0,0,0,0,,0.0,0.0,0.0,,0.0,0.0
2023,2022-23,LA Harbor,laharbor,Feb 3,home,San Joaquin Delta,L,9,4,20230203_s4cx,13,0,0,0,0,,0.0,0.0,0.0,,0.0,0.0
2023,2022-23,LA Harbor,laharbor,Feb 4,home,LA Pierce,W,9,5,20230204_hsfa,14,1,0,0,1,0.0,6.0,4.0,4.0,1.0,2.0,2.0
2023,2022-23,LA Harbor,laharbor,Feb 7,home,Oxnard,L,9,5,20230207_7zn9,12,0,0,0,0,,0.0,0.0,0.0,,0.0,0.0
2023,2022-23,LA Harbor,laharbor,Feb 8,home,Barstow,W,12,3,20230208_isd1,11,0,0,0,0,,0.0,0.0,0.0,,0.0,0.0
2023,2022-23,LA Harbor,laharbor,Feb 9,home,Moorpark,W,3,1,20230209_u0cn,10,0,0,0,0,,1.0,0.0,0.0,,0.0,1.0
2023,2022-23,LA Harbor,laharbor,Jan 27,home,Desert,L,4,0,20230127_9qqy,13,0,0,0,0,,0.0,0.0,0.0,,0.0,0.0
2023,2022-23,LA Harbor,laharbor,Jan 28,home,Desert,L,8,3,20230128_779k,13,0,0,0,0,,0.0,0.0,0.0,,3.0,2.0
2023,2022-23,LA Mission,lamission,Feb 2,home,LA Harbor,L,9,3,20230202_q88a,12,0,0,0,0,,0.0,0.0,0.0,,0.0,0.0
2023,2022-23,LA Mission,lamission,Feb 3,home,Long Beach,L,6,5,20230203_jj0a,10,0,0,0,0,,0.0,0.0,0.0,,0.0,0.0
2023,2022-23,LA Mission,lamission,Feb 4,home,Pasadena City,L,8,6,20230204_lacg,13,0,0,0,0,,0.0,0.0,0.0,,0.0,0.0
2023,2022-23,LA Mission,lamission,Feb 7,home,Grossmont,W,6,4,20230207_rv8r,11,0,0,0,0,,0.0,0.0,0.0,,0.0,0.0
2023,2022-23,LA Mission,lamission,Feb 9,home,Grossmont,L,4,3,20230209_6d8g,13,0,0,0,0,,0.0,0.0,0.0,,0.0,0.0
2023,2022-23,LA Mission,lamission,Jan 27,home,San Bernardino Valley,W,11,4,20230127_xbyv,12,0,0,0,0,,0.0,0.0,0.0,,0.0,0.0
2023,2022-23,LA Mission,lamission,Jan 28,home,San Bernardino Valley,L,10,4,20230128_np72,10,0,0,0,0,,0.0,0.0,0.0,,0.0,0.0
2023,2022-23,LA Pierce,lapierce,Feb 2,home,Cerritos,L,19,6,20230202_eopb,17,1,0,0,0,,7.0,6.0,6.0,1.0,4.0,3.0
2023,2022-23,LA Pierce,lapierce,Feb 3,home,Pasadena City,L,20,5,20230203_ju2e,16,1,0,1,0,1.0,9.0,12.0,12.0,1.0,6.0,1.0
2023,2022-23,LA Pierce,lapierce,Feb 4,home,LA Harbor,L,9,5,20230204_hsfa,9,1,0,0,0,,6.0,5.0,4.0,0.8,2.0,3.0
2023,2022-23,LA Pierce,lapierce,Feb 9,home,Cypress,L,15,4,20230209_lgbj,17,1,0,1,0,1.0,8.0,8.0,7.0,0.875,3.0,3.0
2023,2022-23,LA Pierce,lapierce,Jan 28,home,Glendale,L,6,1,20230128_56b0,12,1,0,1,0,1.0,2.0,2.0,2.0,1.0,0.0,6.0
2023,2022-23,LA Valley,lavalley,Feb 10,home,Folsom Lake,L,12,4,20230210_v76t,13,0,0,0,0,,0.0,0.0,0.0,,0.0,0.0
2023,2022-23,LA Valley,lavalley,Feb 2,home,Pasadena City,W,5,4,20230202_opfx,9,0,0,0,0,,0.0,0.0,0.0,,0.0,0.0
2023,2022-23,LA Valley,lavalley,Feb 3,home,Cerritos,L,9,4,20230203_7goc,10,0,0,0,0,,0.0,0.0,0.0,,0.0,0.0
2023,2022-23,LA Valley,lavalley,Feb 4,home,Long Beach,W,11,10,20230204_ypnv,13,0,0,0,0,,0.0,0.0,0.0,,0.0,0.0
2023,2022-23,LA Valley,lavalley,Feb 9,home,Folsom Lake,L,9,3,20230209_4bhr,12,0,0,0,0,,0.0,0.0,0.0,,0.0,0.0
2023,2022-23,LA Valley,lavalley,Jan 27,home,Oxnard,W,12,2,20230127_au6e,15,0,0,0,0,,0.0,0.0,0.0,,0.0,0.0
2023,2022-23,LA Valley,lavalley,Jan 28,home,Oxnard,L,7,5,20230128_pb6b,9,0,0,0,0,,0.0,0.0,0.0,,0.0,0.0
2023,2022-23,LA Valley,lavalley,Jan 29,home,Rio Hondo,W,4,1,20230129_vjqx,12,0,0,0,1,0.0,1.0,0.0,0.0,,0.0,1.0
2023,2022-23,LA Valley,lavalley,Jan 31,home,Rio Hondo,L,4,3,20230131_lyq2,13,0,0,1,0,1.0,2.0,2.0,2.0,1.0,1.0,2.0
2023,2022-23,Laney,laney,Feb 4,home,Chabot,L,8,2,20230204_hi97,9,0,0,0,0,,0.0,0.0,0.0,,0.0,0.0
2023,2022-23,Laney,laney,Feb 7,home,Mission,L,9,8,20230207_ky3u,13,1,0,0,0,,8.0,5.0,5.0,1.0,2.0,1.0
2023,2022-23,Laney,laney,Feb 9,home,Cabrillo,L,10,3,20230209_ktms,10,0,0,0,0,,2.0,3.0,3.0,1.0,1.0,0.0
2023,2022-23,Laney,laney,Jan 27,home,San Mateo,L,20,4,20230127_vwds,10,0,0,0,0,,3.0,2.0,2.0,1.0,0.0,1.0
2023,2022-23,Laney,laney,Jan 28,home,Sierra,L,4,1,20230128_o604,10,0,0,0,0,,0.0,0.0,0.0,,0.0,0.0
2023,2022-23,Laney,laney,Jan 29,home,San Francisco,L,6,2,20230129_pk6l,11,1,0,1,0,1.0,7.0,3.0,3.0,1.0,4.0,8.0
2023,2022-23,Laney,laney,Jan 31,home,Chabot,L,6,5,20230131_iiqm,10,0,0,0,0,,0.0,0.0,0.0,,0.0,0.0
2023,2022-23,Lassen,lassen,Feb 10,home,Mission,L,5,1,20230210_cvyv,11,1,0,0,0,,11.0,5.0,5.0,1.0,2.0,3.0
2023,2022-23,Lassen,lassen,Feb 10,home,Mission,W,12,3,20230210_ws3c,13,0,0,0,0,,2.0,0.0,0.0,,1.0,4.0
2023,2022-23,Lassen,lassen,Feb 4,home,Yuba,W,9,8,20230204_g310,14,0,0,0,0,,7.0,3.0,3.0,1.0,1.0,1.0
2023,2022-23,Lassen,lassen,Feb 9,home,American River,L,8,5,20230209_97t2,13,0,0,0,0,,0.0,0.0,0.0,,0.0,0.0
2023,2022-23,Lassen,lassen,Jan 27,home,Hartnell,L,9,8,20230127_lfip,14,0,0,1,0,1.0,3.0,1.0,1.0,1.0,0.0,0.0
2023,2022-23,Lassen,lassen,Jan 27,home,Hartnell,W,5,2,20230127_6k7p,11,0,0,0,0,,4.0,1.0,1.0,1.0,1.0,3.0
2023,2022-23,Lassen,lassen,Jan 28,home,Hartnell,L,9,7,20230128_sl65,12,0,0,0,0,,2.0,2.0,2.0,1.0,2.0,0.0
2023,2022-23,Long Beach,longbeach,Feb 2,home,San Joaquin Delta,L,7,5,20230202_0223,10,0,0,0,0,,0.0,0.0,0.0,,0.0,0.0
2023,2022-23,Long Beach,longbeach,Feb 3,home,LA Mission,W,6,5,20230203_jj0a,12,1,0,0,0,,5.0,5.0,0.0,0.0,1.0,4.0
2023,2022-23,Long Beach,longbeach,Feb 4,home,LA Valley,L,11,10,20230204_ypnv,12,0,0,0,0,,0.0,0.0,0.0,,0.0,0.0
2023,2022-23,Long Beach,longbeach,Feb 7,home,Allan Hancock,W,7,6,20230207_f3kl,12,0,0,0,0,,0.0,0.0,0.0,,0.0,0.0
2023,2022-23,Long Beach,longbeach,Feb 9,home,Orange Coast,L,20,13,20230209_bbwr,12,0,0,0,0,,8.0,7.0,7.0,1.0,3.0,2.0
2023,2022-23,Long Beach,longbeach,Jan 27,home,Irvine Valley,L,10,1,20230127_7181,16,0,0,0,0,,0.0,0.0,0.0,,0.0,0.0
2023,2022-23,Long Beach,longbeach,Jan 28,home,Irvine Valley,L,7,6,20230128_o1xq,12,1,0,0,0,,3.0,1.0,0.0,0.0,2.0,2.0
2023,2022-23,Long Beach,longbeach,Jan 31,home,Allan Hancock,L,9,0,20230131_89ay,15,0,0,0,0,,0.0,0.0,0.0,,0.0,0.0
2023,2022-23,Los Medanos,losmedanos,Feb 10,home,Sacramento City,L,25,6,20230210_5tlp,16,0,0,0,0,,4.0,4.0,3.0,0.75,2.0,0.0
2023,2022-23,Los Medanos,losmedanos,Feb 2,home,Chabot,W,6,2,20230202_v02p,10,0,0,0,0,,8.0,2.0,2.0,1.0,0.0,8.0
2023,2022-23,Los Medanos,losmedanos,Feb 4,home,Fresno City,L,5,4,20230204_3zi3,11,0,0,0,0,,1.0,0.0,0.0,,0.0,2.0
2023,2022-23,Los Medanos,losmedanos,Feb 7,home,Sierra,L,5,3,20230207_lvqu,9,0,0,0,0,,0.0,0.0,0.0,,0.0,0.0
2023,2022-23,Los Medanos,losmedanos,Jan 27,home,Ohlone,W,11,10,20230127_e5vq,10,1,0,0,1,0.0,2.0,3.0,3.0,1.0,4.0,2.0
2023,2022-23,Los Medanos,losmedanos,Jan 28,home,Cabrillo,W,7,3,20230128_qs08,12,0,0,0,0,,0.0,0.0,0.0,,0.0,0.0
2023,2022-23,Marin,marin,Feb 2,home,Sequoias,L,9,7,20230202_0i3n,10,0,0,0,0,,0.0,0.0,0.0,,0.0,0.0
2023,2022-23,Marin,marin,Feb 3,home,Sequoias,L,14,11,20230203_wxzi,12,0,0,0,0,,0.0,0.0,0.0,,0.0,0.0
2023,2022-23,Marin,marin,Feb 4,home,Sequoias,W,8,2,20230204_gshr,11,0,0,0,0,,2.0,0.0,0.0,,0.0,3.0
2023,2022-23,Marin,marin,Feb 7,home,Monterey Peninsula,W,20,1,20230207_jtnu,14,0,0,0,0,,0.0,0.0,0.0,,0.0,0.0
2023,2022-23,Marin,marin,Jan 27,home,Diablo Valley,L,9,0,20230127_6psr,11,0,0,0,0,,0.0,0.0,0.0,,0.0,0.0
2023,2022-23,Marin,marin,Jan 28,home,Diablo Valley,L,10,2,20230128_et8w,11,0,0,0,0,,0.0,0.0,0.0,,0.0,0.0
2023,2022-23,Marin,marin,Jan 31,home,Cabrillo,W,11,5,20230131_d4fq,11,0,0,0,0,,0.0,0.0,0.0,,0.0,0.0
2023,2022-23,Mendocino,mendocino,Feb 1,home,Canada,L,7,4,20230201_hy6p,11,0,0,0,0,,0.0,0.0,0.0,,0.0,0.0
2023,2022-23,Mendocino,mendocino,Feb 10,home,Siskiyous,W,7,6,20230210_ncwg,12,0,0,0,0,,0.0,0.0,0.0,,0.0,0.0
2023,2022-23,Mendocino,mendocino,Feb 10,home,Siskiyous,W,8,3,20230210_yd4s,10,0,0,0,0,,0.0,0.0,0.0,,0.0,0.0
2023,2022-23,Mendocino,mendocino,Jan 27,home,Redwoods,W,14,12,20230127_vwty,11,0,0,0,0,,0.0,0.0,0.0,,0.0,0.0
2023,2022-23,Mendocino,mendocino,Jan 28,home,Redwoods,W,2,1,20230128_b7g0,11,0,1,0,0,1.0,0.0,0.0,0.0,,2.0,0.0
2023,2022-23,Mendocino,mendocino,Jan 28,home,Redwoods,W,4,0,20230128_waep,10,0,0,0,1,0.0,3.0,0.0,0.0,,0.0,0.0
2023,2022-23,Mendocino,mendocino,Jan 31,home,Mission,L,8,0,20230131_qwr0,14,1,0,0,0,,5.0,4.0,4.0,1.0,3.0,3.0
2023,2022-23,Merced,merced,Feb 10,home,Cypress,L,13,2,20230210_brje,14,0,0,0,0,,0.0,0.0,0.0,,0.0,0.0
2023,2022-23,Merced,merced,Feb 2,home,Mission,W,3,0,20230202_omon,12,0,0,0,1,0.0,4.0,0.0,0.0,,0.0,0.0
2023,2022-23,Merced,merced,Feb 3,home,Feather River,W,2,1,20230203_f9zv,12,1,1,0,1,0.5,4.0,1.0,0.0,0.0,3.0,6.0
2023,2022-23,Merced,merced,Feb 4,home,San Mateo,L,5,3,20230204_bmzr,11,0,0,0,0,,3.0,0.0,0.0,,0.0,1.0
2023,2022-23,Merced,merced,Feb 7,home,San Mateo,L,7,2,20230207_l6if,12,0,0,0,0,,3.0,3.0,3.0,1.0,3.0,2.0
2023,2022-23,Merced,merced,Feb 9,home,Rio Hondo,W,10,5,20230209_u6tn,10,0,0,0,0,,0.0,0.0,0.0,,0.0,0.0
2023,2022-23,Merced,merced,Jan 27,home,Monterey Peninsula,L,6,3,20230127_ikr9,11,0,0,1,0,1.0,5.0,5.0,5.0,1.0,2.0,5.0
2023,2022-23,Merced,merced,Jan 29,home,Feather River,W,7,6,20230129_fuap,12,0,1,0,0,1.0,5.0,2.0,2.0,1.0,0.0,5.0
2023,2022-23,Mission,mission,Feb 10,home,Lassen,L,12,3,20230210_ws3c,16,1,0,0,0,,2.0,2.0,2.0,1.0,0.0,0.0
2023,2022-23,Mission,mission,Feb 10,home,Lassen,W,5,1,20230210_cvyv,9,0,0,0,0,,0.0,0.0,0.0,,0.0,0.0
2023,2022-23,Mission,mission,Feb 2,home,Merced,L,3,0,20230202_omon,11,0,0,0,0,,0.0,0.0,0.0,,0.0,0.0
2023,2022-23,Mission,mission,Feb 3,home,West Valley,W,6,1,20230203_wu7h,9,1,0,0,0,,6.0,1.0,1.0,1.0,1.0,8.0
2023,2022-23,Mission,mission,Feb 6,home,Cosumnes River,L,13,8,20230206_17p2,9,0,0,0,0,,0.0,0.0,0.0,,0.0,0.0
2023,2022-23,Mission,mission,Feb 7,home,Laney,W,9,8,20230207_ky3u,13,0,0,0,0,,0.0,0.0,0.0,,0.0,0.0
2023,2022-23,Mission,mission,Jan 27,home,Yuba,W,11,2,20230127_s7sp,15,0,0,0,0,,0.0,0.0,0.0,,0.0,0.0
2023,2022-23,Mission,mission,Jan 28,home,Yuba,W,11,2,20230128_xodz,16,1,0,0,0,,5.0,1.0,1.0,1.0,1.0,6.0
2023,2022-23,Mission,mission,Jan 31,home,Mendocino,W,8,0,20230131_qwr0,9,0,0,0,0,,0.0,0.0,0.0,,0.0,0.0
2023,2022-23,Modesto,modesto,Feb 2,home,Gavilan,W,11,0,20230202_lqsl,16,0,0,0,0,,0.0,0.0,0.0,,0.0,3.0
2023,2022-23,Modesto,modesto,Feb 4,home,Gavilan,W,18,0,20230204_joaa,16,0,0,0,0,,0.0,0.0,0.0,,0.0,0.0
2023,2022-23,Modesto,modesto,Feb 7,home,Porterville,W,6,5,20230207_unnm,12,0,0,0,1,0.0,1.0,0.0,0.0,,0.0,2.0
2023,2022-23,Modesto,modesto,Feb 9,home,West Hills Coalinga,L,7,6,20230209_kd5y,14,0,0,1,0,1.0,2.0,2.0,2.0,1.0,1.0,3.0
2023,2022-23,Modesto,modesto,Jan 31,home,West Hills Coalinga,W,13,1,20230131_jckn,13,0,0,0,0,,0.0,0.0,0.0,,0.0,0.0
2023,2022-23,Monterey Peninsula,montereypeninsula,Feb 3,home,Redwoods,W,14,1,20230203_sa0k,19,0,0,0,0,,0.0,0.0,0.0,,0.0,2.0
2023,2022-23,Monterey Peninsula,montereypeninsula,Feb 3,home,Redwoods,W,14,3,20230203_51kk,16,0,0,0,0,,0.0,0.0,0.0,,0.0,0.0
2023,2022-23,Monterey Peninsula,montereypeninsula,Feb 4,home,Diablo Valley,L,8,6,20230204_z321,14,0,0,1,0,1.0,3.0,3.0,3.0,1.0,1.0,1.0
2023,2022-23,Monterey Peninsula,montereypeninsula,Feb 7,home,Marin,L,20,1,20230207_jtnu,18,0,0,0,0,,1.0,2.0,2.0,1.0,1.0,1.0
2023,2022-23,Monterey Peninsula,montereypeninsula,Feb 9,home,Reedley,W,9,4,20230209_tvhg,12,0,0,0,0,,0.0,0.0,0.0,,0.0,0.0
2023,2022-23,Monterey Peninsula,montereypeninsula,Jan 27,home,Merced,W,6,3,20230127_ikr9,13,0,0,0,1,0.0,1.0,0.0,0.0,,0.0,2.0
2023,2022-23,Monterey Peninsula,montereypeninsula,Jan 31,home,Diablo Valley,L,4,3,20230131_004v,13,0,0,1,0,1.0,2.0,1.0,1.0,1.0,2.0,3.0
2023,2022-23,Moorpark,moorpark,Feb 2,home,Ohlone,W,5,4,20230202_tssu,9,0,0,0,0,,0.0,0.0,0.0,,0.0,0.0
2023,2022-23,Moorpark,moorpark,Feb 3,home,Ohlone,L,11,3,20230203_jiij,12,0,0,0,0,,2.0,2.0,2.0,1.0,2.0,2.0
2023,2022-23,Moorpark,moorpark,Feb 4,home,Saddleback,L,16,6,20230204_sd4p,12,0,0,0,0,,3.0,3.0,0.0,0.0,0.0,1.0
2023,2022-23,Moorpark,moorpark,Feb 7,home,Fullerton,L,12,3,20230207_3l5c,11,0,0,0,0,,4.0,5.0,5.0,1.0,1.0,0.0
2023,2022-23,Moorpark,moorpark,Feb 9,home,LA Harbor,L,3,1,20230209_u0cn,11,0,0,0,0,,1.0,0.0,0.0,,0.0,2.0
2023,2022-23,Moorpark,moorpark,Jan 27,home,Bakersfield,L,7,1,20230127_60yl,11,0,0,0,0,,1.0,1.0,0.0,0.0,0.0,3.0
2023,2022-23,Moorpark,moorpark,Jan 27,home,Bakersfield,W,4,3,20230127_nrdr,9,0,0,0,1,0.0,0.0,0.0,0.0,,1.0,1.0
2023,2022-23,Moorpark,moorpark,Jan 28,home,Bakersfield,L,10,7,20230128_cvsa,16,0,0,1,0,1.0,6.0,6.0,6.0,1.0,4.0,2.0
2023,2022-23,Mt. San Antonio,mtsanantonio,Feb 2,home,Fullerton,L,6,2,20230202_o0he,15,1,0,1,0,1.0,3.0,1.0,0.0,0.0,1.0,3.0
2023,2022-23,Mt. San Antonio,mtsanantonio,Feb 3,home,Cypress,W,21,5,20230203_0thr,16,0,0,0,0,,0.0,0.0,0.0,,0.0,0.0
2023,2022-23,Mt. San Antonio,mtsanantonio,Feb 4,home,Cypress,L,6,4,20230204_y0ti,9,0,0,0,0,,0.0,0.0,0.0,,0.0,0.0
2023,2022-23,Mt. San Antonio,mtsanantonio,Feb 7,home,Cypress,L,7,2,20230207_epoh,14,0,0,0,0,,0.0,0.0,0.0,,0.0,0.0
2023,2022-23,Mt. San Antonio,mtsanantonio,Feb 9,home,Riverside,L,8,7,20230209_v7ie,13,1,0,0,0,,6.0,2.0,2.0,1.0,0.0,7.0
2023,2022-23,Mt. San Antonio,mtsanantonio,Jan 27,home,Barstow,W,11,1,20230127_kua7,17,1,1,0,0,1.0,5.0,1.0,1.0,1.0,1.0,4.0
2023,2022-23,Mt. San Antonio,mtsanantonio,Jan 28,home,Victor Valley,W,6,0,20230128_ivlq,14,0,0,0,0,,0.0,0.0,0.0,,0.0,0.0
2023,2022-23,Mt. San Antonio,mtsanantonio,Jan 31,home,San Bernardino Valley,W,8,2,20230131_tf7i,16,0,0,0,0,,0.0,0.0,0.0,,0.0,0.0
2023,2022-23,Mt. San Jacinto,mtsanjacinto,Feb 2,home,West LA,W,5,3,20230202_ivfg,11,1,1,0,1,0.5,7.0,3.0,1.0,0.333,3.0,7.0
2023,2022-23,Mt. San Jacinto,mtsanjacinto,Feb 2,home,West LA,W,6,4,20230202_1diw,12,1,1,0,0,1.0,11.0,4.0,3.0,0.75,3.0,5.0
2023,2022-23,Mt. San Jacinto,mtsanjacinto,Feb 4,home,El Camino,L,7,6,20230204_6bb0,9,0,0,0,0,,0.0,0.0,0.0,,0.0,0.0
2023,2022-23,Mt. San Jacinto,mtsanjacinto,Feb 7,home,Irvine Valley,W,7,6,20230207_ogv1,10,0,0,0,0,,0.0,0.0,0.0,,0.0,0.0
2023,2022-23,Mt. San Jacinto,mtsanjacinto,Feb 9,home,Irvine Valley,W,14,3,20230209_apq2,14,0,0,0,0,,0.0,0.0,0.0,,0.0,0.0
2023,2022-23,Mt. San Jacinto,mtsanjacinto,Jan 27,home,San Diego City,W,13,8,20230127_4ltt,15,0,0,0,0,,0.0,0.0,0.0,,0.0,0.0
2023,2022-23,Mt. San Jacinto,mtsanjacinto,Jan 28,home,Antelope Valley,W,15,5,20230128_3vez,16,0,0,0,0,,0.0,0.0,0.0,,0.0,0.0
2023,2022-23,Napa Valley,napavalley,Jan 27,home,West Hills Coalinga,L,3,2,20230127_eg6f,14,0,0,1,0,1.0,2.0,2.0,2.0,1.0,2.0,2.0
2023,2022-23,Napa Valley,napavalley,Jan 28,home,West Hills Coalinga,L,10,9,20230128_yj26,12,1,0,1,0,1.0,12.0,7.0,7.0,1.0,5.0,2.0
2023,2022-23,Ohlone,ohlone,Feb 10,home,San Bernardino Valley,W,19,7,20230210_pjh7,18,0,0,0,0,,0.0,0.0,0.0,,0.0,0.0
2023,2022-23,Ohlone,ohlone,Feb 2,home,Moorpark,L,5,4,20230202_tssu,13,0,0,0,0,,0.0,0.0,0.0,,0.0,0.0
2023,2022-23,Ohlone,ohlone,Feb 3,home,Moorpark,W,11,3,20230203_jiij,18,0,0,0,0,,0.0,0.0,0.0,,0.0,0.0
2023,2022-23,Ohlone,ohlone,Feb 4,home,Bakersfield,L,8,5,20230204_7pqo,11,0,0,0,0,,3.0,2.0,2.0,1.0,2.0,4.0
2023,2022-23,Ohlone,ohlone,Feb 9,home,San Bernardino Valley,L,7,6,20230209_evdb,16,0,0,0,0,,0.0,0.0,0.0,,0.0,0.0
2023,2022-23,Ohlone,ohlone,Jan 27,home,Los Medanos,L,11,10,20230127_e5vq,14,0,0,0,0,,0.0,0.0,0.0,,0.0,0.0
2023,2022-23,Orange Coast,orangecoast,Feb 2,home,Cuesta,L,7,6,20230202_zoch,11,0,0,0,0,,0.0,0.0,0.0,,0.0,0.0
2023,2022-23,Orange Coast,orangecoast,Feb 3,home,Cuesta,W,6,5,20230203_u9vf,11,0,0,0,0,,0.0,0.0,0.0,,0.0,0.0
2023,2022-23,Orange Coast,orangecoast,Feb 4,home,Cuesta,W,4,2,20230204_bbvx,9,0,0,0,0,,0.0,0.0,0.0,,0.0,0.0
2023,2022-23,Orange Coast,orangecoast,Feb 7,home,San Diego Mesa,W,9,6,20230207_rb77,13,0,0,0,0,,0.0,0.0,0.0,,0.0,0.0
2023,2022-23,Orange Coast,orangecoast,Feb 9,home,Long Beach,W,20,13,20230209_bbwr,13,0,0,0,0,,0.0,0.0,0.0,,0.0,0.0
2023,2022-23,Orange Coast,orangecoast,Jan 27,home,El Camino,W,6,3,20230127_7r40,10,0,0,0,0,,0.0,0.0,0.0,,0.0,0.0
2023,2022-23,Orange Coast,orangecoast,Jan 28,home,El Camino,W,5,3,20230128_okc3,10,0,0,0,0,,0.0,0.0,0.0,,0.0,0.0
2023,2022-23,Orange Coast,orangecoast,Jan 31,home,El Camino,L,15,3,20230131_nn9p,9,0,0,0,0,,0.0,0.0,0.0,,0.0,0.0
2023,2022-23,Oxnard,oxnard,Feb 2,home,Reedley,L,13,6,20230202_unra,14,1,0,1,0,1.0,13.0,13.0,11.0,0.846,4.0,2.0
2023,2022-23,Oxnard,oxnard,Feb 3,home,Sierra,L,19,3,20230203_xmlv,14,1,0,1,0,1.0,7.0,10.0,7.0,0.7,1.0,0.0
2023,2022-23,Oxnard,oxnard,Feb 4,home,Santa Ana,L,15,5,20230204_mrwq,7,1,0,1,0,1.0,6.0,6.0,4.0,0.667,3.0,0.0
2023,2022-23,Oxnard,oxnard,Feb 7,home,LA Harbor,W,9,5,20230207_7zn9,13,0,0,0,0,,0.0,0.0,0.0,,0.0,0.0
2023,2022-23,Oxnard,oxnard,Feb 9,home,West LA,L,14,10,20230209_3m8j,15,1,0,1,0,1.0,7.0,11.0,10.0,0.909,3.0,4.0
2023,2022-23,Oxnard,oxnard,Jan 27,home,LA Valley,L,12,2,20230127_au6e,11,0,0,0,0,,8.0,3.0,1.0,0.333,0.0,4.0
2023,2022-23,Oxnard,oxnard,Jan 28,home,LA Valley,W,7,5,20230128_pb6b,13,1,1,0,0,1.0,5.0,4.0,4.0,1.0,4.0,3.0
2023,2022-23,Palomar,palomar,Feb 10,home,Riverside,W,7,1,20230210_3aaa,11,0,0,0,0,,0.0,0.0,0.0,,0.0,0.0
2023,2022-23,Palomar,palomar,Feb 3,home,Fullerton,W,5,4,20230203_yo2c,15,0,0,0,0,,0.0,0.0,0.0,,0.0,0.0
2023,2022-23,Palomar,palomar,Feb 4,home,Fullerton,L,9,2,20230204_1i8y,16,0,0,0,0,,0.0,0.0,0.0,,0.0,0.0
2023,2022-23,Palomar,palomar,Feb 7,home,Saddleback,L,3,2,20230207_2sah,11,0,0,0,0,,0.0,0.0,0.0,,0.0,0.0
2023,2022-23,Palomar,palomar,Jan 27,home,Golden West,W,11,4,20230127_k7rx,15,0,0,0,0,,0.0,0.0,0.0,,0.0,0.0
2023,2022-23,Palomar,palomar,Jan 28,home,Golden West,L,3,2,20230128_e8s6,12,0,0,0,0,,0.0,0.0,0.0,,0.0,0.0
2023,2022-23,Pasadena City,pasadenacity,Feb 2,home,LA Valley,L,5,4,20230202_opfx,11,0,0,0,0,,0.0,0.0,0.0,,0.0,0.0
2023,2022-23,Pasadena City,pasadenacity,Feb 3,home,LA Pierce,W,20,5,20230203_ju2e,13,0,0,0,0,,0.0,0.0,0.0,,0.0,0.0
2023,2022-23,Pasadena City,pasadenacity,Feb 4,home,LA Mission,W,8,6,20230204_lacg,11,1,1,0,0,1.0,5.0,3.0,3.0,1.0,2.0,9.0
2023,2022-23,Pasadena City,pasadenacity,Feb 7,home,Victor Valley,W,12,5,20230207_pslu,11,0,0,0,0,,0.0,0.0,0.0,,0.0,0.0
2023,2022-23,Pasadena City,pasadenacity,Feb 9,home,Victor Valley,W,6,5,20230209_j2op,15,0,0,0,0,,0.0,0.0,0.0,,0.0,0.0
2023,2022-23,Pasadena City,pasadenacity,Jan 27,home,Cypress,L,11,4,20230127_qzop,15,0,0,0,0,,0.0,0.0,0.0,,0.0,1.0
2023,2022-23,Pasadena City,pasadenacity,Jan 28,home,Citrus,W,12,3,20230128_rf85,12,0,0,0,1,0.0,1.0,0.0,0.0,,0.0,2.0
2023,2022-23,Porterville,porterville,Feb 4,home,Barstow,L,4,2,20230204_p962,13,0,0,0,0,,2.0,1.0,1.0,1.0,1.0,5.0
2023,2022-23,Porterville,porterville,Feb 4,home,Barstow,W,9,3,20230204_a1np,15,0,0,0,0,,2.0,1.0,1.0,1.0,1.0,4.0
2023,2022-23,Porterville,porterville,Feb 7,home,Modesto,L,6,5,20230207_unnm,15,0,0,0,0,,0.0,0.0,0.0,,0.0,0.0
2023,2022-23,Porterville,porterville,Feb 9,home,Cerro Coso,L,15,6,20230209_ze4h,16,0,0,0,0,,0.0,0.0,0.0,,1.0,0.0
2023,2022-23,Porterville,porterville,Feb 9,home,Cerro Coso,L,18,1,20230209_s6mt,15,0,0,0,0,,8.0,15.0,9.0,0.6,13.0,9.0
2023,2022-23,Porterville,porterville,Jan 27,home,Feather River,L,12,3,20230127_7xqj,14,0,0,0,0,,0.0,0.0,0.0,,0.0,0.0
2023,2022-23,Porterville,porterville,Jan 31,home,Barstow,W,11,9,20230131_f880,11,0,0,0,0,,0.0,0.0,0.0,,0.0,0.0
2023,2022-23,Redwoods,redwoods,Feb 2,home,San Francisco,W,7,0,20230202_ncif,10,0,0,0,0,,0.0,0.0,0.0,,0.0,0.0
2023,2022-23,Redwoods,redwoods,Feb 3,home,Monterey Peninsula,L,14,1,20230203_sa0k,12,0,0,0,0,,0.0,0.0,0.0,,0.0,0.0
2023,2022-23,Redwoods,redwoods,Feb 3,home,Monterey Peninsula,L,14,3,20230203_51kk,9,0,0,0,0,,0.0,0.0,0.0,,0.0,0.0
2023,2022-23,Redwoods,redwoods,Jan 27,home,Mendocino,L,14,12,20230127_vwty,11,0,0,0,0,,0.0,0.0,0.0,,0.0,0.0
2023,2022-23,Redwoods,redwoods,Jan 28,home,Mendocino,L,2,1,20230128_b7g0,11,0,0,1,0,1.0,1.0,2.0,1.0,0.5,3.0,2.0
2023,2022-23,Redwoods,redwoods,Jan 28,home,Mendocino,L,4,0,20230128_waep,10,1,0,1,0,1.0,7.0,4.0,2.0,0.5,3.0,1.0
2023,2022-23,Reedley,reedley,Feb 2,home,Oxnard,W,13,6,20230202_unra,9,0,0,0,0,,0.0,0.0,0.0,,0.0,0.0
2023,2022-23,Reedley,reedley,Feb 3,home,Santa Ana,W,9,8,20230203_6qcd,13,1,0,0,0,,7.0,6.0,6.0,1.0,2.0,6.0
2023,2022-23,Reedley,reedley,Feb 4,home,Sierra,L,11,6,20230204_9ho6,14,0,0,0,0,,0.0,0.0,0.0,,0.0,0.0
2023,2022-23,Reedley,reedley,Feb 7,home,Cuesta,W,11,7,20230207_yz7j,11,0,0,0,0,,0.0,0.0,0.0,,0.0,0.0
2023,2022-23,Reedley,reedley,Feb 9,home,Monterey Peninsula,L,9,4,20230209_tvhg,11,1,0,0,0,,4.0,1.0,0.0,0.0,4.0,9.0
2023,2022-23,Reedley,reedley,Jan 28,home,De Anza,W,18,10,20230128_mksk,13,1,0,0,0,,1.0,3.0,3.0,1.0,5.0,6.0
2023,2022-23,Reedley,reedley,Jan 31,home,De Anza,W,22,4,20230131_xy1j,17,0,0,0,0,,0.0,0.0,0.0,,0.0,0.0
2023,2022-23,Rio Hondo,riohondo,Feb 10,home,Allan Hancock,W,3,1,20230210_nco5,13,0,0,0,0,,0.0,0.0,0.0,,0.0,0.0
2023,2022-23,Rio Hondo,riohondo,Feb 2,home,Allan Hancock,L,9,3,20230202_cbll,10,0,0,0,0,,0.0,0.0,0.0,,0.0,0.0
2023,2022-23,Rio Hondo,riohondo,Feb 3,home,Saddleback,L,20,4,20230203_ncvj,14,0,0,0,0,,0.0,0.0,0.0,,0.0,0.0
2023,2022-23,Rio Hondo,riohondo,Feb 7,home,Canyons,L,10,2,20230207_o1jj,11,0,0,0,0,,0.0,0.0,0.0,,0.0,0.0
2023,2022-23,Rio Hondo,riohondo,Feb 9,home,Merced,L,10,5,20230209_u6tn,10,0,0,0,0,,0.0,0.0,0.0,,0.0,0.0
2023,2022-23,Rio Hondo,riohondo,Jan 27,home,Imperial Valley,W,7,3,20230127_qv2j,14,0,0,0,0,,0.0,0.0,0.0,,0.0,0.0
2023,2022-23,Rio Hondo,riohondo,Jan 28,home,Imperial Valley,W,7,1,20230128_db4w,14,0,0,0,0,,0.0,0.0,0.0,,0.0,0.0
2023,2022-23,Rio Hondo,riohondo,Jan 29,home,LA Valley,L,4,1,20230129_vjqx,11,0,0,0,0,,0.0,0.0,0.0,,0.0,0.0
2023,2022-23,Rio Hondo,riohondo,Jan 31,home,LA Valley,W,4,3,20230131_lyq2,10,0,0,0,0,,0.0,0.0,0.0,,0.0,0.0
2023,2022-23,Riverside,riverside,Feb 10,home,Palomar,L,7,1,20230210_3aaa,14,0,0,0,0,,0.0,0.0,0.0,,0.0,0.0
2023,2022-23,Riverside,riverside,Feb 2,home,Barstow,W,16,4,20230202_tvrm,15,0,0,0,0,,0.0,0.0,0.0,,0.0,0.0
2023,2022-23,Riverside,riverside,Feb 3,home,East Los Angeles,W,6,0,20230203_ktji,12,0,0,0,0,,0.0,0.0,0.0,,0.0,0.0
2023,2022-23,Riverside,riverside,Feb 4,home,East Los Angeles,W,12,5,20230204_19zs,15,0,0,0,0,,0.0,0.0,0.0,,0.0,0.0
2023,2022-23,Riverside,riverside,Feb 9,home,Mt. San Antonio,W,8,7,20230209_v7ie,12,0,0,0,0,,0.0,0.0,0.0,,0.0,0.0
2023,2022-23,Riverside,riverside,Jan 27,home,Cuesta,L,12,8,20230127_vquc,16,0,0,0,0,,0.0,0.0,0.0,,0.0,0.0
2023,2022-23,Riverside,riverside,Jan 28,home,Cuesta,L,12,2,20230128_dgzv,15,0,0,0,0,,0.0,0.0,0.0,,0.0,0.0
2023,2022-23,Riverside,riverside,Jan 29,home,Cuesta,W,7,6,20230129_55zh,9,0,0,0,0,,0.0,0.0,0.0,,0.0,0.0
2023,2022-23,Sacramento City,sacramentocity,Feb 10,home,Los Medanos,W,25,6,20230210_5tlp,12,0,0,0,0,,0.0,0.0,0.0,,0.0,0.0
2023,2022-23,Sacramento City,sacramentocity,Feb 2,home,Feather River,W,6,3,20230202_ci23,9,0,0,0,0,,0.0,0.0,0.0,,0.0,0.0
2023,2022-23,Sacramento City,sacramentocity,Feb 4,home,Feather River,L,4,1,20230204_7pau,10,0,0,0,0,,1.0,1.0,1.0,1.0,0.0,1.0
2023,2022-23,Sacramento City,sacramentocity,Feb 7,home,West Hills Coalinga,W,11,2,20230207_x7v2,11,0,0,0,0,,0.0,0.0,0.0,,0.0,0.0
2023,2022-23,Sacramento City,sacramentocity,Jan 27,home,Canada,L,1,0,20230127_m7ra,9,0,0,0,0,,0.0,0.0,0.0,,0.0,0.0
2023,2022-23,Sacramento City,sacramentocity,Jan 28,home,Canada,W,14,1,20230128_pdo6,11,0,0,0,0,,0.0,0.0,0.0,,0.0,0.0
2023,2022-23,Saddleback,saddleback,Feb 1,home,Grossmont,W,6,0,20230201_wydf,10,0,0,0,0,,0.0,0.0,0.0,,0.0,0.0
2023,2022-23,Saddleback,saddleback,Feb 3,home,Rio Hondo,W,20,4,20230203_ncvj,14,0,0,0,0,,0.0,0.0,0.0,,0.0,0.0
2023,2022-23,Saddleback,saddleback,Feb 4,home,Moorpark,W,16,6,20230204_sd4p,11,0,0,0,0,,0.0,0.0,0.0,,0.0,0.0
2023,2022-23,Saddleback,saddleback,Feb 7,home,Palomar,W,3,2,20230207_2sah,9,0,0,0,0,,0.0,0.0,0.0,,0.0,0.0
2023,2022-23,Saddleback,saddleback,Feb 9,home,Southwestern,W,8,1,20230209_sszk,13,0,0,0,0,,0.0,0.0,0.0,,0.0,0.0
2023,2022-23,Saddleback,saddleback,Jan 27,home,Canyons,W,6,2,20230127_7x3k,10,0,0,0,0,,0.0,0.0,0.0,,0.0,0.0
2023,2022-23,Saddleback,saddleback,Jan 28,home,Canyons,L,12,1,20230128_17a2,13,0,0,0,0,,0.0,0.0,0.0,,0.0,0.0
2023,2022-23,San Bernardino Valley,sanbernardinovalley,Feb 10,home,Ohlone,L,19,7,20230210_pjh7,11,0,0,0,0,,0.0,0.0,0.0,,0.0,0.0
2023,2022-23,San Bernardino Valley,sanbernardinovalley,Feb 2,home,Irvine Valley,L,15,3,20230202_h483,14,0,0,0,0,,0.0,0.0,0.0,,0.0,0.0
2023,2022-23,San Bernardino Valley,sanbernardinovalley,Feb 4,home,Irvine Valley,L,10,3,20230204_2m55,13,0,0,0,0,,0.0,0.0,0.0,,0.0,0.0
2023,2022-23,San Bernardino Valley,sanbernardinovalley,Feb 7,home,Citrus,W,11,8,20230207_fetr,15,0,0,0,0,,0.0,0.0,0.0,,0.0,0.0
2023,2022-23,San Bernardino Valley,sanbernardinovalley,Feb 9,home,Ohlone,W,7,6,20230209_evdb,11,0,0,0,0,,0.0,0.0,0.0,,0.0,0.0
2023,2022-23,San Bernardino Valley,sanbernardinovalley,Jan 27,home,LA Mission,L,11,4,20230127_xbyv,11,0,0,0,0,,0.0,0.0,0.0,,0.0,0.0
2023,2022-23,San Bernardino Valley,sanbernardinovalley,Jan 28,home,LA Mission,W,10,4,20230128_np72,9,0,0,0,0,,0.0,0.0,0.0,,0.0,0.0
2023,2022-23,San Bernardino Valley,sanbernardinovalley,Jan 31,home,Mt. San Antonio,L,8,2,20230131_tf7i,17,0,0,0,0,,0.0,0.0,0.0,,0.0,0.0
2023,2022-23,San Diego City,sandiegocity,Feb 1,home,LA Harbor,W,12,6,20230201_ol7o,9,0,0,0,0,,0.0,0.0,0.0,,0.0,0.0
2023,2022-23,San Diego City,sandiegocity,Feb 2,home,Desert,W,8,3,20230202_v6ox,14,0,0,0,0,,0.0,0.0,0.0,,0.0,0.0
2023,2022-23,San Diego City,sandiegocity,Feb 4,home,Desert,L,9,4,20230204_d4q8,10,0,0,0,0,,0.0,0.0,0.0,,0.0,0.0
2023,2022-23,San Diego City,sandiegocity,Feb 7,home,West LA,W,7,0,20230207_0lms,12,0,0,0,0,,0.0,0.0,0.0,,0.0,0.0
2023,2022-23,San Diego City,sandiegocity,Feb 8,home,Chaffey,W,6,1,20230208_1idx,10,0,0,0,0,,0.0,0.0,0.0,,0.0,0.0
2023,2022-23,San Diego City,sandiegocity,Jan 27,home,Mt. San Jacinto,L,13,8,20230127_4ltt,13,0,0,0,0,,0.0,0.0,0.0,,0.0,0.0
2023,2022-23,San Diego City,sandiegocity,Jan 28,home,Compton,L,13,6,20230128_ham2,13,0,0,0,0,,1.0,2.0,2.0,1.0,0.0,1.0
2023,2022-23,San Diego Mesa,sandiegomesa,Feb 10,home,Ventura,L,11,6,20230210_pm01,12,0,0,0,0,,0.0,0.0,0.0,,0.0,0.0
2023,2022-23,San Diego Mesa,sandiegomesa,Feb 10,home,Ventura,W,9,5,20230210_awue,9,1,1,0,0,1.0,8.0,5.0,5.0,1.0,2.0,10.0
2023,2022-23,San Diego Mesa,sandiegomesa,Feb 2,home,Golden West,L,10,3,20230202_1j5d,10,0,0,0,0,,0.0,0.0,0.0,,0.0,0.0
2023,2022-23,San Diego Mesa,sandiegomesa,Feb 3,home,Golden West,L,7,0,20230203_rga6,9,1,0,1,0,1.0,10.0,5.0,3.0,0.6,3.0,3.0
2023,2022-23,San Diego Mesa,sandiegomesa,Feb 7,home,Orange Coast,L,9,6,20230207_rb77,10,1,0,1,0,1.0,6.0,7.0,7.0,1.0,7.0,7.0
2023,2022-23,San Diego Mesa,sandiegomesa,Feb 9,home,Ventura,L,7,1,20230209_e2zl,9,0,0,0,0,,0.0,0.0,0.0,,0.0,0.0
2023,2022-23,San Diego Mesa,sandiegomesa,Jan 27,home,Santa Ana,L,12,8,20230127_pjow,9,0,0,0,0,,0.0,0.0,0.0,,0.0,0.0
2023,2022-23,San Diego Mesa,sandiegomesa,Jan 28,home,Santa Ana,W,10,9,20230128_j1qk,10,1,0,0,0,,9.0,9.0,4.0,0.444,7.0,5.0
2023,2022-23,San Francisco,sanfrancisco,Feb 2,home,Redwoods,L,7,0,20230202_ncif,14,0,0,0,0,,5.0,2.0,2.0,1.0,2.0,2.0
2023,2022-23,San Francisco,sanfrancisco,Feb 4,home,De Anza,L,8,3,20230204_c8wj,11,0,0,0,0,,0.0,0.0,0.0,,0.0,0.0
2023,2022-23,San Francisco,sanfrancisco,Jan 29,home,Laney,W,6,2,20230129_pk6l,9,0,0,0,0,,0.0,0.0,0.0,,0.0,0.0
2023,2022-23,San Francisco,sanfrancisco,Jan 31,home,Contra Costa,W,13,4,20230131_s7ry,14,0,0,0,0,,0.0,0.0,0.0,,0.0,0.0
2023,2022-23,San Joaquin Delta,sanjoaquindelta,Feb 10,home,Feather River,W,13,1,20230210_ypo9,14,0,0,0,0,,0.0,0.0,0.0,,0.0,0.0
2023,2022-23,San Joaquin Delta,sanjoaquindelta,Feb 2,home,Long Beach,W,7,5,20230202_0223,12,0,0,0,0,,1.0,1.0,0.0,0.0,1.0,1.0
2023,2022-23,San Joaquin Delta,sanjoaquindelta,Feb 3,home,LA Harbor,W,9,4,20230203_s4cx,13,0,0,0,0,,0.0,0.0,0.0,,0.0,0.0
2023,2022-23,San Joaquin Delta,sanjoaquindelta,Feb 4,home,Cerritos,W,12,8,20230204_el7y,12,1,0,0,0,,2.0,3.0,2.0,0.667,2.0,1.0
2023,2022-23,San Joaquin Delta,sanjoaquindelta,Feb 7,home,Contra Costa,W,16,2,20230207_yfcz,15,0,0,0,0,,0.0,0.0,0.0,,0.0,0.0
2023,2022-23,San Joaquin Delta,sanjoaquindelta,Jan 27,home,Ventura,W,19,12,20230127_yxin,13,0,0,0,0,,0.0,0.0,0.0,,0.0,0.0
2023,2022-23,San Joaquin Delta,sanjoaquindelta,Jan 28,home,Ventura,W,3,2,20230128_gs26,13,1,0,0,0,,3.0,2.0,1.0,0.5,2.0,7.0
2023,2022-23,San Joaquin Delta,sanjoaquindelta,Jan 28,home,Ventura,W,17,0,20230128_tsym,14,0,0,0,0,,0.0,0.0,0.0,,0.0,0.0
2023,2022-23,San Mateo,sanmateo,Feb 4,home,Merced,W,5,3,20230204_bmzr,13,0,0,0,1,0.0,2.0,0.0,0.0,,0.0,2.0
2023,2022-23,San Mateo,sanmateo,Feb 7,home,Merced,W,7,2,20230207_l6if,12,0,0,0,0,,0.0,0.0,0.0,,0.0,0.0
2023,2022-23,San Mateo,sanmateo,Feb 9,home,Gavilan,W,18,1,20230209_2xxz,18,0,0,0,0,,0.0,0.0,0.0,,0.0,0.0
2023,2022-23,San Mateo,sanmateo,Jan 27,home,Laney,W,20,4,20230127_vwds,20,0,0,0,0,,0.0,0.0,0.0,,0.0,0.0
2023,2022-23,San Mateo,sanmateo,Jan 29,home,Siskiyous,W,4,3,20230129_jyvn,11,0,0,0,0,,0.0,2.0,0.0,0.0,2.0,2.0
2023,2022-23,San Mateo,sanmateo,Jan 30,home,Siskiyous,W,7,6,20230130_fxe0,12,0,0,0,0,,0.0,0.0,0.0,,0.0,0.0
2023,2022-23,Santa Ana,santaana,Feb 2,home,Sierra,L,8,4,20230202_cepd,12,0,0,0,0,,0.0,0.0,0.0,,0.0,0.0
2023,2022-23,Santa Ana,santaana,Feb 3,home,Reedley,L,9,8,20230203_6qcd,13,1,0,0,0,,5.0,5.0,4.0,0.8,5.0,6.0
2023,2022-23,Santa Ana,santaana,Feb 4,home,Oxnard,W,15,5,20230204_mrwq,10,0,0,0,0,,0.0,2.0,2.0,1.0,4.0,3.0
2023,2022-23,Santa Ana,santaana,Feb 7,home,Compton,W,21,6,20230207_c2op,17,0,0,0,0,,0.0,0.0,0.0,,0.0,0.0
2023,2022-23,Santa Ana,santaana,Jan 27,home,San Diego Mesa,W,12,8,20230127_pjow,11,0,0,0,0,,0.0,0.0,0.0,,0.0,0.0
2023,2022-23,Santa Ana,santaana,Jan 28,home,San Diego Mesa,L,10,9,20230128_j1qk,15,1,0,0,0,,9.0,5.0,5.0,1.0,6.0,6.0
2023,2022-23,Santa Ana,santaana,Jan 31,home,East Los Angeles,W,10,0,20230131_8lnd,14,0,0,0,0,,0.0,0.0,0.0,,0.0,0.0
2023,2022-23,Santa Barbara,santabarbara,Feb 17,home,Chaffey,W,4,3,20230217_raca,1,0,0,0,0,,0.0,0.0,0.0,,0.0,0.0
2023,2022-23,Santa Barbara,santabarbara,Feb 18,home,Chaffey,L,5,4,20230218_62no,4,0,0,0,0,,0.0,0.0,0.0,,0.0,0.0
2023,2022-23,Santa Barbara,santabarbara,Feb 2,home,Hartnell,W,13,4,20230202_y5lp,14,0,0,0,0,,0.0,0.0,0.0,,0.0,0.0
2023,2022-23,Santa Barbara,santabarbara,Feb 3,home,Canada,W,15,2,20230203_c038,11,0,0,0,0,,0.0,0.0,0.0,,0.0,0.0
2023,2022-23,Santa Barbara,santabarbara,Feb 7,home,LA Pierce,W,18,6,20230207_9ter,2,0,0,0,0,,0.0,0.0,0.0,,0.0,0.0
2023,2022-23,Santa Barbara,santabarbara,Feb 9,home,East Los Angeles,W,9,6,20230209_ia2v,11,0,0,0,0,,0.0,0.0,0.0,,0.0,0.0
2023,2022-23,Santa Barbara,santabarbara,Jan 27,home,West LA,W,12,3,20230127_ozme,10,0,0,0,0,,0.0,0.0,0.0,,0.0,0.0
2023,2022-23,Santa Barbara,santabarbara,Jan 27,home,West LA,W,14,2,20230127_3axl,13,0,0,0,0,,0.0,0.0,0.0,,0.0,0.0
2023,2022-23,Santa Rosa,santarosa,Feb 10,home,Marin,W,13,6,20230210_fh4d,14,1,1,0,0,1.0,10.0,6.0,6.0,1.0,3.0,8.0
2023,2022-23,Santa Rosa,santarosa,Feb 14,home,San Mateo,W,8,7,20230214_zk4k,13,1,0,0,1,0.0,6.0,6.0,6.0,1.0,2.0,3.0
2023,2022-23,Santa Rosa,santarosa,Feb 16,home,Mission,W,9,2,20230216_mp6i,13,0,0,0,0,,7.0,1.0,1.0,1.0,2.0,4.0
2023,2022-23,Santa Rosa,santarosa,Feb 18,home,Mission,W,8,4,20230218_90wz,12,0,0,0,1,0.0,5.0,3.0,3.0,1.0,1.0,3.0
2023,2022-23,Santa Rosa,santarosa,Feb 7,home,Canada,W,9,8,20230207_ypm8,17,1,1,0,0,1.0,7.0,5.0,5.0,1.0,4.0,7.0
2023,2022-23,Santa Rosa,santarosa,Feb 9,home,Canada,L,7,5,20230209_mamn,12,0,0,0,0,,0.0,0.0,0.0,,0.0,0.0
2023,2022-23,Santa Rosa,santarosa,Jan 27,home,Chabot,L,8,0,20230127_r4nf,15,1,0,1,0,1.0,8.0,7.0,5.0,0.714,1.0,5.0
2023,2022-23,Santa Rosa,santarosa,Jan 28,home,Chabot,L,12,7,20230128_4z98,13,0,0,0,0,,0.0,0.0,0.0,,2.0,2.0
2023,2022-23,Santa Rosa,santarosa,Jan 31,home,Sierra,W,4,0,20230131_oidy,16,1,0,0,1,0.0,0.0,0.0,0.0,,1.0,4.0
2023,2022-23,Sequoias,sequoias,Feb 10,home,Cuesta,L,6,4,20230210_foht,14,0,0,0,0,,0.0,0.0,0.0,,0.0,0.0
2023,2022-23,Sequoias,sequoias,Feb 14,home,Allan Hancock,L,11,7,20230214_3ey5,12,0,0,0,0,,2.0,0.0,0.0,,0.0,1.0
2023,2022-23,Sequoias,sequoias,Feb 17,home,Golden West,W,4,3,20230217_560q,9,0,0,0,0,,0.0,0.0,0.0,,0.0,0.0
2023,2022-23,Sequoias,sequoias,Feb 18,home,Golden West,W,15,8,20230218_rhq3,9,0,0,0,1,0.0,4.0,1.0,1.0,1.0,1.0,3.0
2023,2022-23,Sequoias,sequoias,Feb 19,home,Golden West,L,8,3,20230219_b0qp,11,0,0,0,0,,2.0,2.0,2.0,1.0,1.0,1.0
2023,2022-23,Sequoias,sequoias,Feb 2,home,Marin,W,9,7,20230202_0i3n,12,0,1,0,0,1.0,1.0,0.0,0.0,,1.0,1.0
2023,2022-23,Sequoias,sequoias,Feb 3,home,Marin,W,14,11,20230203_wxzi,10,0,0,0,0,,0.0,0.0,0.0,,0.0,0.0
2023,2022-23,Sequoias,sequoias,Feb 4,home,Marin,L,8,2,20230204_gshr,16,0,0,0,0,,2.0,4.0,4.0,1.0,3.0,2.0
2023,2022-23,Sequoias,sequoias,Feb 9,home,Cuesta,L,7,0,20230209_2pt8,12,0,0,0,0,,0.0,0.0,0.0,,0.0,0.0
2023,2022-23,Sequoias,sequoias,Jan 27,home,Allan Hancock,L,7,5,20230127_u0vd,15,0,0,0,0,,1.0,0.0,0.0,,0.0,2.0
2023,2022-23,Sequoias,sequoias,Jan 28,home,Allan Hancock,L,14,10,20230128_p3un,15,0,0,0,0,,0.0,0.0,0.0,,0.0,2.0
2023,2022-23,Sequoias,sequoias,Jan 31,home,Bakersfield,L,9,5,20230131_aedo,16,0,0,0,0,,1.0,0.0,0.0,,0.0,0.0
2023,2022-23,Shasta,shasta,Feb 10,home,Skyline,W,7,5,20230210_paiu,11,1,0,0,0,,7.0,4.0,4.0,1.0,1.0,4.0
2023,2022-23,Shasta,shasta,Feb 11,home,Skyline,L,10,2,20230211_rq07,9,0,0,0,0,,0.0,0.0,0.0,,0.0,0.0
2023,2022-23,Shasta,shasta,Feb 14,home,Folsom Lake,L,15,12,20230214_egyw,9,0,0,0,0,,0.0,0.0,0.0,,0.0,0.0
2023,2022-23,Shasta,shasta,Feb 16,home,Canada,L,4,3,20230216_hvf3,10,0,0,0,0,,0.0,0.0,0.0,,0.0,0.0
2023,2022-23,Shasta,shasta,Feb 17,home,Canada,L,6,2,20230217_e2vb,11,1,0,1,0,1.0,5.0,4.0,4.0,1.0,3.0,0.0
2023,2022-23,Shasta,shasta,Feb 18,home,Canada,L,15,11,20230218_les4,11,0,0,0,0,,0.0,0.0,0.0,,0.0,0.0
2023,2022-23,Shasta,shasta,Feb 2,home,American River,W,10,5,20230202_fugt,11,0,0,0,0,,0.0,0.0,0.0,,0.0,0.0
2023,2022-23,Shasta,shasta,Feb 3,home,Solano,W,11,1,20230203_ncdj,12,1,1,0,0,1.0,4.0,1.0,1.0,1.0,0.0,3.0
2023,2022-23,Shasta,shasta,Feb 4,home,American River,W,6,4,20230204_2a11,10,0,0,0,0,,0.0,0.0,0.0,,0.0,0.0
2023,2022-23,Shasta,shasta,Feb 7,home,Yuba,W,9,7,20230207_zibk,11,0,0,0,1,0.0,3.0,1.0,1.0,1.0,0.0,1.0
2023,2022-23,Shasta,shasta,Feb 9,home,Skyline,W,16,10,20230209_gkwq,10,0,0,0,0,,0.0,0.0,0.0,,0.0,0.0
2023,2022-23,Shasta,shasta,Jan 27,home,Cosumnes River,L,20,6,20230127_ilym,15,0,0,0,0,,0.0,0.0,0.0,,0.0,0.0
2023,2022-23,Shasta,shasta,Jan 28,home,Cosumnes River,W,13,11,20230128_7lyy,11,1,0,0,1,0.0,2.0,3.0,1.0,0.333,2.0,1.0
2023,2022-23,Shasta,shasta,Jan 31,home,Cosumnes River,L,17,5,20230131_xuiq,13,0,0,0,0,,0.0,0.0,0.0,,0.0,0.0
2023,2022-23,Sierra,sierra,Feb 10,home,Cosumnes River,W,9,2,20230210_egbn,15,0,0,0,0,,0.0,0.0,0.0,,0.0,0.0
2023,2022-23,Sierra,sierra,Feb 13,home,Chabot,L,5,4,20230213_jjbc,10,0,0,1,0,1.0,2.0,2.0,2.0,1.0,0.0,1.0
2023,2022-23,Sierra,sierra,Feb 14,home,Laney,W,20,5,20230214_qb7g,16,0,0,0,0,,0.0,0.0,0.0,,0.0,0.0
2023,2022-23,Sierra,sierra,Feb 17,home,Yuba,W,16,0,20230217_kwwh,15,0,0,0,0,,0.0,0.0,0.0,,0.0,0.0
2023,2022-23,Sierra,sierra,Feb 18,home,Los Medanos,W,9,5,20230218_liuz,12,0,0,0,0,,1.0,0.0,0.0,,1.0,0.0
2023,2022-23,Sierra,sierra,Feb 2,home,Santa Ana,W,8,4,20230202_cepd,9,0,0,0,0,,0.0,0.0,0.0,,0.0,0.0
2023,2022-23,Sierra,sierra,Feb 3,home,Oxnard,W,19,3,20230203_xmlv,15,0,0,0,0,,0.0,0.0,0.0,,0.0,1.0
2023,2022-23,Sierra,sierra,Feb 4,home,Reedley,W,11,6,20230204_9ho6,14,0,0,0,0,,0.0,0.0,0.0,,0.0,0.0
2023,2022-23,Sierra,sierra,Feb 7,home,Los Medanos,W,5,3,20230207_lvqu,12,0,0,0,0,,0.0,0.0,0.0,,0.0,0.0
2023,2022-23,Sierra,sierra,Feb 9,home,Feather River,W,3,1,20230209_gwey,12,0,0,0,1,0.0,0.0,0.0,0.0,,0.0,1.0
2023,2022-23,Sierra,sierra,Jan 28,home,Laney,W,4,1,20230128_o604,11,0,0,0,0,,0.0,0.0,0.0,,0.0,0.0
2023,2022-23,Sierra,sierra,Jan 31,home,Santa Rosa,L,4,0,20230131_oidy,12,0,0,0,0,,0.0,0.0,0.0,,0.0,1.0
2023,2022-23,Siskiyous,siskiyous,Feb 10,home,Mendocino,L,7,6,20230210_ncwg,11,0,0,0,0,,0.0,0.0,0.0,,0.0,0.0
2023,2022-23,Siskiyous,siskiyous,Feb 10,home,Mendocino,L,8,3,20230210_yd4s,10,1,0,1,0,1.0,4.0,5.0,4.0,0.8,3.0,3.0
2023,2022-23,Siskiyous,siskiyous,Feb 11,home,Mendocino,W,7,4,20230211_2ote,12,1,1,0,1,0.5,8.0,3.0,3.0,1.0,4.0,4.0
2023,2022-23,Siskiyous,siskiyous,Feb 11,home,Mendocino,W,11,1,20230211_wesd,11,1,1,0,0,1.0,4.0,1.0,1.0,1.0,3.0,1.0
2023,2022-23,Siskiyous,siskiyous,Feb 17,home,Contra Costa,W,10,6,20230217_r619,10,0,0,0,0,,0.0,0.0,0.0,,0.0,0.0
2023,2022-23,Siskiyous,siskiyous,Feb 18,home,Contra Costa,W,12,0,20230218_pkdj,12,1,1,0,0,1.0,4.0,0.0,0.0,,2.0,7.0
2023,2022-23,Siskiyous,siskiyous,Feb 3,home,Napa Valley,L,5,4,20230203_xugl,11,1,0,1,0,1.0,7.0,5.0,5.0,1.0,2.0,7.0
2023,2022-23,Siskiyous,siskiyous,Feb 3,home,Napa Valley,W,4,2,20230203_gh7s,11,0,0,0,0,,0.0,0.0,0.0,,0.0,0.0
2023,2022-23,Siskiyous,siskiyous,Jan 27,home,Skyline,L,13,3,20230127_9rrh,16,0,0,0,0,,3.0,3.0,2.0,0.667,2.0,1.0
2023,2022-23,Siskiyous,siskiyous,Jan 28,home,Skyline,L,16,3,20230128_ejjl,14,1,0,1,0,1.0,9.0,7.0,5.0,0.714,3.0,6.0
2023,2022-23,Siskiyous,siskiyous,Jan 29,home,San Mateo,L,4,3,20230129_jyvn,15,1,0,0,0,,6.0,2.0,2.0,1.0,6.0,1.0
2023,2022-23,Siskiyous,siskiyous,Jan 30,home,San Mateo,L,7,6,20230130_fxe0,12,1,0,0,0,,7.0,5.0,5.0,1.0,1.0,4.0
2023,2022-23,Skyline,skyline,Feb 10,home,Shasta,L,7,5,20230210_paiu,10,0,0,0,0,,0.0,0.0,0.0,,0.0,0.0
2023,2022-23,Skyline,skyline,Feb 11,home,Shasta,W,10,2,20230211_rq07,12,0,0,0,0,,0.0,0.0,0.0,,0.0,0.0
2023,2022-23,Skyline,skyline,Feb 14,home,Solano,W,16,9,20230214_thmx,16,0,0,0,0,,0.0,0.0,0.0,,0.0,1.0
2023,2022-23,Skyline,skyline,Feb 17,home,Lassen,W,5,1,20230217_wjg1,11,0,0,0,0,,0.0,0.0,0.0,,0.0,0.0
2023,2022-23,Skyline,skyline,Feb 17,home,Lassen,W,8,0,20230217_0t9w,15,1,0,0,0,,2.0,0.0,0.0,,0.0,0.0
2023,2022-23,Skyline,skyline,Feb 18,home,Lassen,L,2,1,20230218_hmxr,12,0,0,0,0,,0.0,0.0,0.0,,0.0,0.0
2023,2022-23,Skyline,skyline,Feb 2,home,Butte,W,9,7,20230202_wjaf,11,0,0,0,0,,0.0,0.0,0.0,,0.0,0.0
2023,2022-23,Skyline,skyline,Feb 3,home,Butte,W,5,4,20230203_7577,10,0,0,0,0,,0.0,0.0,0.0,,0.0,0.0
2023,2022-23,Skyline,skyline,Feb 9,home,Shasta,L,16,10,20230209_gkwq,17,0,0,0,0,,2.0,1.0,1.0,1.0,0.0,3.0
2023,2022-23,Skyline,skyline,Jan 27,home,Siskiyous,W,13,3,20230127_9rrh,15,0,0,0,0,,0.0,0.0,0.0,,0.0,0.0
2023,2022-23,Skyline,skyline,Jan 28,home,Siskiyous,W,16,3,20230128_ejjl,16,0,0,0,0,,1.0,2.0,0.0,0.0,1.0,2.0
2023,2022-23,Skyline,skyline,Jan 31,home,Solano,L,7,4,20230131_o1r2,12,0,0,0,0,,0.0,0.0,0.0,,0.0,0.0
2023,2022-23,Solano,solano,Feb 11,home,Diablo Valley,W,9,2,20230211_ptsg,11,0,0,0,0,,0.0,0.0,0.0,,0.0,0.0
2023,2022-23,Solano,solano,Feb 14,home,Skyline,L,16,9,20230214_thmx,16,1,0,1,0,1.0,2.0,5.0,4.0,0.8,4.0,1.0
2023,2022-23,Solano,solano,Feb 16,home,De Anza,W,9,6,20230216_zix8,12,0,0,0,0,,1.0,1.0,1.0,1.0,3.0,1.0
2023,2022-23,Solano,solano,Feb 18,home,De Anza,W,9,8,20230218_bqp7,12,0,0,0,0,,0.0,0.0,0.0,,0.0,0.0
2023,2022-23,Solano,solano,Feb 2,home,Cabrillo,W,5,4,20230202_418o,11,0,0,0,0,,0.0,0.0,0.0,,0.0,0.0
2023,2022-23,Solano,solano,Feb 3,home,Shasta,L,11,1,20230203_ncdj,16,0,0,0,0,,6.0,3.0,3.0,1.0,0.0,4.0
2023,2022-23,Solano,solano,Feb 7,home,Cabrillo,L,9,7,20230207_y0yu,15,0,0,0,0,,8.0,4.0,4.0,1.0,2.0,0.0
2023,2022-23,Solano,solano,Feb 9,home,Diablo Valley,L,5,3,20230209_z3bu,14,0,0,0,0,,2.0,1.0,1.0,1.0,1.0,2.0
2023,2022-23,Solano,solano,Jan 27,home,Butte,L,3,2,20230127_0hzu,10,0,0,0,0,,0.0,0.0,0.0,,0.0,0.0
2023,2022-23,Solano,solano,Jan 27,home,Butte,L,8,5,20230127_zabf,15,0,0,0,0,,0.0,0.0,0.0,,1.0,1.0
2023,2022-23,Solano,solano,Jan 28,home,Butte,L,8,3,20230128_a9u1,17,0,0,0,0,,6.0,3.0,3.0,1.0,5.0,6.0
2023,2022-23,Solano,solano,Jan 31,home,Skyline,W,7,4,20230131_o1r2,14,1,1,0,1,0.5,3.0,0.0,0.0,,1.0,7.0
2023,2022-23,Southwestern,southwestern,Feb 1,home,Fullerton,L,13,3,20230201_93jy,18,0,0,1,0,1.0,2.0,5.0,5.0,1.0,3.0,1.0
2023,2022-23,Southwestern,southwestern,Feb 11,home,Orange Coast,L,7,6,20230211_nyax,15,0,0,0,0,,0.0,0.0,0.0,,1.0,0.0
2023,2022-23,Southwestern,southwestern,Feb 15,home,Saddleback,L,8,4,20230215_0772,15,0,0,1,0,1.0,2.0,3.0,3.0,1.0,0.0,0.0
2023,2022-23,Southwestern,southwestern,Feb 17,home,East Los Angeles,W,4,2,20230217_htv5,10,0,0,0,0,,0.0,0.0,0.0,,0.0,0.0
2023,2022-23,Southwestern,southwestern,Feb 18,home,El Camino,L,6,0,20230218_jqfq,10,0,0,0,0,,1.0,4.0,4.0,1.0,3.0,1.0
2023,2022-23,Southwestern,southwestern,Feb 3,home,Cerro Coso,W,15,5,20230203_791p,14,0,0,0,0,,0.0,0.0,0.0,,0.0,0.0
2023,2022-23,Southwestern,southwestern,Feb 4,home,Cerro Coso,L,8,3,20230204_lte3,15,0,0,0,0,,3.0,0.0,0.0,,2.0,4.0
2023,2022-23,Southwestern,southwestern,Feb 7,home,Chaffey,W,14,4,20230207_lhdi,16,0,0,0,0,,0.0,0.0,0.0,,0.0,0.0
2023,2022-23,Southwestern,southwestern,Feb 9,home,Saddleback,L,8,1,20230209_sszk,13,0,0,0,0,,0.0,0.0,0.0,,0.0,0.0
2023,2022-23,Southwestern,southwestern,Jan 28,home,Chaffey,W,11,6,20230128_365n,11,0,0,0,0,,0.0,0.0,0.0,,0.0,0.0
2023,2022-23,Taft,taft,Feb 14,home,Bakersfield,W,5,4,20230214_5qyi,11,0,0,0,0,,0.0,0.0,0.0,,0.0,0.0
2023,2022-23,Taft,taft,Feb 16,home,Cerro Coso,L,3,2,20230216_zss7,13,0,0,0,0,,0.0,0.0,0.0,,0.0,0.0
2023,2022-23,Taft,taft,Feb 3,home,Folsom Lake,W,8,4,20230203_q8rs,10,0,0,0,0,,0.0,0.0,0.0,,0.0,0.0
2023,2022-23,Taft,taft,Feb 4,home,Folsom Lake,L,9,4,20230204_d9or,16,0,0,0,0,,2.0,2.0,2.0,1.0,0.0,0.0
2023,2022-23,Taft,taft,Feb 4,home,Folsom Lake,L,10,3,20230204_jixo,16,0,0,0,0,,0.0,0.0,0.0,,0.0,0.0
2023,2022-23,Taft,taft,Feb 7,home,Cerro Coso,L,11,4,20230207_hpfs,13,0,0,0,0,,1.0,0.0,0.0,,1.0,1.0
2023,2022-23,Taft,taft,Feb 9,home,Antelope Valley,W,11,2,20230209_iiot,10,0,0,0,0,,0.0,0.0,0.0,,0.0,0.0
2023,2022-23,Taft,taft,Jan 27,home,Feather River,L,13,5,20230127_p3qv,15,0,0,0,0,,0.0,0.0,0.0,,3.0,1.0
2023,2022-23,Taft,taft,Jan 28,home,Feather River,L,9,2,20230128_rabk,14,0,0,0,0,,0.0,0.0,0.0,,0.0,0.0
2023,2022-23,Taft,taft,Jan 31,home,Antelope Valley,W,11,9,20230131_am07,11,0,0,0,0,,5.0,4.0,4.0,1.0,0.0,0.0
2023,2022-23,Ventura,ventura,Feb 1,home,Glendale,W,12,11,20230201_jhxu,13,0,0,0,1,0.0,0.0,0.0,0.0,,0.0,0.0
2023,2022-23,Ventura,ventura,Feb 10,home,San Diego Mesa,L,9,5,20230210_awue,10,0,0,0,0,,0.0,0.0,0.0,,0.0,0.0
2023,2022-23,Ventura,ventura,Feb 10,home,San Diego Mesa,W,11,6,20230210_pm01,13,0,0,0,1,0.0,3.0,0.0,0.0,,2.0,4.0
2023,2022-23,Ventura,ventura,Feb 16,home,Riverside,L,7,1,20230216_nudm,13,0,0,0,0,,0.0,0.0,0.0,,0.0,0.0
2023,2022-23,Ventura,ventura,Feb 17,home,Riverside,L,9,5,20230217_j4sy,13,0,0,0,0,,0.0,0.0,0.0,,0.0,0.0
2023,2022-23,Ventura,ventura,Feb 18,home,Glendale,L,21,8,20230218_arc2,15,0,0,0,0,,0.0,0.0,0.0,,0.0,0.0
2023,2022-23,Ventura,ventura,Feb 2,home,Citrus,L,20,10,20230202_09u5,15,1,0,0,0,,5.0,5.0,5.0,1.0,2.0,2.0
2023,2022-23,Ventura,ventura,Feb 4,home,Citrus,W,17,11,20230204_je25,13,0,0,0,0,,2.0,1.0,0.0,0.0,1.0,3.0
2023,2022-23,Ventura,ventura,Feb 9,home,San Diego Mesa,W,7,1,20230209_e2zl,11,0,0,0,0,,0.0,0.0,0.0,,0.0,0.0
2023,2022-23,Ventura,ventura,Jan 27,home,San Joaquin Delta,L,19,12,20230127_yxin,14,0,0,0,0,,0.0,0.0,0.0,,0.0,0.0
2023,2022-23,Ventura,ventura,Jan 28,home,San Joaquin Delta,L,3,2,20230128_gs26,10,0,0,0,0,,1.0,1.0,1.0,1.0,2.0,2.0
2023,2022-23,Ventura,ventura,Jan 28,home,San Joaquin Delta,L,17,0,20230128_tsym,13,1,0,1,0,1.0,7.0,7.0,3.0,0.429,2.0,2.0
2023,2022-23,Victor Valley,victorvalley,Feb 10,home,Citrus,L,10,6,20230210_7adu,11,0,0,0,0,,3.0,2.0,2.0,1.0,2.0,0.0
2023,2022-23,Victor Valley,victorvalley,Feb 11,home,Citrus,W,3,2,20230211_p19l,14,0,0,0,0,,0.0,0.0,0.0,,0.0,0.0
2023,2022-23,Victor Valley,victorvalley,Feb 18,home,San Diego City,L,10,1,20230218_2rre,15,0,0,0,0,,0.0,0.0,0.0,,0.0,0.0
2023,2022-23,Victor Valley,victorvalley,Feb 18,home,San Diego City,L,14,0,20230218_ao6z,13,1,0,0,0,,10.0,10.0,10.0,1.0,2.0,1.0
2023,2022-23,Victor Valley,victorvalley,Feb 2,home,Grossmont,L,9,2,20230202_7aq7,13,1,0,1,0,1.0,6.0,9.0,8.0,0.889,6.0,4.0
2023,2022-23,Victor Valley,victorvalley,Feb 4,home,Imperial Valley,L,17,0,20230204_jv8r,18,0,0,0,0,,0.0,0.0,0.0,,0.0,0.0
2023,2022-23,Victor Valley,victorvalley,Feb 7,home,Pasadena City,L,12,5,20230207_pslu,12,0,0,0,0,,5.0,5.0,5.0,1.0,1.0,0.0
2023,2022-23,Victor Valley,victorvalley,Feb 9,home,Pasadena City,L,6,5,20230209_j2op,10,1,0,0,0,,8.0,4.0,3.0,0.75,0.0,1.0
2023,2022-23,Victor Valley,victorvalley,Jan 28,home,Mt. San Antonio,L,6,0,20230128_ivlq,10,0,0,0,0,,3.0,2.0,2.0,1.0,0.0,1.0
2023,2022-23,West Hills Coalinga,westhillscoalinga,Feb 1,home,Cerro Coso,L,7,6,20230201_9kyf,9,0,0,0,0,,0.0,0.0,0.0,,0.0,0.0
2023,2022-23,West Hills Coalinga,westhillscoalinga,Feb 10,home,Diablo Valley,L,11,0,20230210_kt27,17,0,0,0,0,,0.0,0.0,0.0,,0.0,0.0
2023,2022-23,West Hills Coalinga,westhillscoalinga,Feb 11,home,East Los Angeles,W,6,5,20230211_ol10,12,0,0,0,0,,0.0,0.0,0.0,,0.0,0.0
2023,2022-23,West Hills Coalinga,westhillscoalinga,Feb 14,home,Sacramento City,L,10,4,20230214_bmc5,14,0,0,0,0,,0.0,0.0,0.0,,0.0,0.0
2023,2022-23,West Hills Coalinga,westhillscoalinga,Feb 16,home,Monterey Peninsula,L,14,2,20230216_kvfv,14,0,0,0,0,,0.0,0.0,0.0,,0.0,0.0
2023,2022-23,West Hills Coalinga,westhillscoalinga,Feb 17,home,Cerro Coso,W,7,2,20230217_muzu,10,0,0,0,0,,0.0,0.0,0.0,,0.0,0.0
2023,2022-23,West Hills Coalinga,westhillscoalinga,Feb 18,home,Monterey Peninsula,L,12,7,20230218_var2,11,0,0,0,0,,0.0,0.0,0.0,,0.0,0.0
2023,2022-23,West Hills Coalinga,westhillscoalinga,Feb 7,home,Sacramento City,L,11,2,20230207_x7v2,15,0,0,0,0,,0.0,0.0,0.0,,0.0,0.0
2023,2022-23,West Hills Coalinga,westhillscoalinga,Feb 9,home,Modesto,W,7,6,20230209_kd5y,9,0,0,0,0,,0.0,0.0,0.0,,0.0,0.0
2023,2022-23,West Hills Coalinga,westhillscoalinga,Jan 27,home,Napa Valley,W,3,2,20230127_eg6f,9,0,0,0,0,,0.0,0.0,0.0,,0.0,0.0
2023,2022-23,West Hills Coalinga,westhillscoalinga,Jan 28,home,Napa Valley,W,10,9,20230128_yj26,9,0,0,0,0,,0.0,0.0,0.0,,0.0,0.0
2023,2022-23,West Hills Coalinga,westhillscoalinga,Jan 31,home,Modesto,L,13,1,20230131_jckn,16,0,0,0,0,,0.0,0.0,0.0,,0.0,0.0
2023,2022-23,West LA,westla,Feb 11,home,Oxnard,W,10,6,20230211_fng2,9,0,0,0,0,,0.0,0.0,0.0,,0.0,0.0
2023,2022-23,West LA,westla,Feb 14,home,San Diego City,L,17,5,20230214_jflb,13,0,0,0,0,,0.0,0.0,0.0,,0.0,0.0
2023,2022-23,West LA,westla,Feb 16,home,Pasadena City,L,12,1,20230216_0obl,11,1,0,1,0,1.0,12.0,10.0,10.0,1.0,1.0,2.0
2023,2022-23,West LA,westla,Feb 18,home,Pasadena City,W,6,4,20230218_ljm4,9,0,0,0,0,,0.0,0.0,0.0,,0.0,0.0
2023,2022-23,West LA,westla,Feb 2,home,Mt. San Jacinto,L,5,3,20230202_ivfg,11,1,0,1,0,1.0,7.0,5.0,4.0,0.8,3.0,2.0
2023,2022-23,West LA,westla,Feb 2,home,Mt. San Jacinto,L,6,4,20230202_1diw,11,0,0,0,0,,0.0,0.0,0.0,,0.0,0.0
2023,2022-23,West LA,westla,Feb 3,home,El Camino,L,4,1,20230203_r15s,11,0,0,0,0,,0.0,0.0,0.0,,0.0,0.0
2023,2022-23,West LA,westla,Feb 7,home,San Diego City,L,7,0,20230207_0lms,11,0,0,0,0,,0.0,0.0,0.0,,0.0,0.0
2023,2022-23,West LA,westla,Feb 9,home,Oxnard,W,14,10,20230209_3m8j,10,1,1,0,0,1.0,3.0,4.0,4.0,1.0,3.0,7.0
2023,2022-23,West LA,westla,Jan 27,home,Santa Barbara,L,12,3,20230127_ozme,10,0,0,0,0,,0.0,0.0,0.0,,0.0,0.0
2023,2022-23,West LA,westla,Jan 27,home,Santa Barbara,L,14,2,20230127_3axl,10,1,0,1,0,1.0,5.0,6.0,6.0,1.0,4.0,6.0
2023,2022-23,West Valley,westvalley,Feb 10,home,Butte,L,10,2,20230210_niq4,13,0,0,0,0,,2.0,1.0,0.0,0.0,1.0,1.0
2023,2022-23,West Valley,westvalley,Feb 11,home,Butte,L,9,8,20230211_sgsj,11,0,0,0,0,,0.0,0.0,0.0,,0.0,0.0
2023,2022-23,West Valley,westvalley,Feb 14,home,Modesto,L,10,4,20230214_hfwf,12,1,0,1,0,1.0,5.0,3.0,3.0,1.0,0.0,2.0
2023,2022-23,West Valley,westvalley,Feb 16,home,Modesto,L,6,5,20230216_c95q,13,0,0,0,0,,0.0,0.0,0.0,,0.0,0.0
2023,2022-23,West Valley,westvalley,Feb 17,home,Modesto,L,6,5,20230217_afwc,11,0,0,0,0,,0.0,0.0,0.0,,0.0,0.0
2023,2022-23,West Valley,westvalley,Feb 3,home,Mission,L,6,1,20230203_wu7h,11,0,0,0,0,,0.0,0.0,0.0,,0.0,0.0
2023,2022-23,West Valley,westvalley,Feb 9,home,Butte,L,11,4,20230209_basu,11,1,0,1,0,1.0,6.0,6.0,0.0,0.0,1.0,1.0
2023,2022-23,West Valley,westvalley,Jan 27,home,American River,W,19,6,20230127_pwe8,16,0,0,0,0,,0.0,0.0,0.0,,0.0,0.0
2023,2022-23,West Valley,westvalley,Jan 28,home,American River,W,3,2,20230128_px2g,11,0,0,0,0,,0.0,0.0,0.0,,0.0,0.0
2023,2022-23,West Valley,westvalley,Jan 31,home,American River,W,10,5,20230131_31n9,14,1,1,0,0,1.0,2.0,0.0,0.0,,3.0,8.0
2023,2022-23,Yuba,yuba,Feb 13,home,Lassen,L,13,5,20230213_9tgx,17,0,0,0,0,,0.0,0.0,0.0,,0.0,0.0
2023,2022-23,Yuba,yuba,Feb 14,home,Butte,L,13,4,20230214_tafg,10,0,0,0,0,,0.0,0.0,0.0,,0.0,0.0
2023,2022-23,Yuba,yuba,Feb 16,home,Folsom Lake,L,9,5,20230216_rsse,10,0,0,0,0,,0.0,0.0,0.0,,0.0,0.0
2023,2022-23,Yuba,yuba,Feb 17,home,Sierra,L,16,0,20230217_kwwh,18,0,0,0,0,,0.0,0.0,0.0,,0.0,0.0
2023,2022-23,Yuba,yuba,Feb 4,home,Lassen,L,9,8,20230204_g310,15,0,0,0,0,,1.0,0.0,0.0,,0.0,0.0
2023,2022-23,Yuba,yuba,Feb 6,home,Butte,L,22,1,20230206_ezuz,13,0,0,0,0,,0.0,0.0,0.0,,0.0,0.0
2023,2022-23,Yuba,yuba,Feb 7,home,Shasta,L,9,7,20230207_zibk,11,1,0,1,0,1.0,5.0,7.0,7.0,1.0,4.0,1.0
2023,2022-23,Yuba,yuba,Jan 27,home,Mission,L,11,2,20230127_s7sp,16,0,0,0,0,,5.0,9.0,7.0,0.778,2.0,1.0
2023,2022-23,Yuba,yuba,Jan 28,home,Mission,L,11,2,20230128_xodz,16,0,0,0,0,,0.0,0.0,0.0,,0.0,0.0
2023,2022-23,Yuba,yuba,Jan 30,home,Butte,L,16,9,20230130_lvul,14,0,0,0,0,,0.0,0.0,0.0,,0.0,0.0
